2021-04-11 17:01:19,BTC-TRY,548.1878819544022,0.13,0.26
2021-04-11 17:02:20,BTC-TRY,548.1878819544022,0.13,0.26
2021-04-11 17:03:21,BTC-TRY,548.1878819544022,0.13,0.26
2021-04-11 17:04:22,BTC-TRY,548.1878819544022,0.13,0.26
2021-04-11 17:05:22,BTC-TRY,548.1878819544022,0.13,0.26
2021-04-11 17:06:23,BTC-TRY,548.1878819544022,0.13,0.26
2021-04-11 17:07:24,BTC-TRY,548.1878819544022,0.13,0.26
2021-04-11 17:08:25,BTC-TRY,548.1878819544022,0.13,0.26
2021-04-11 17:09:25,BTC-TRY,548.1878819544022,0.13,0.26
2021-04-11 17:10:26,BTC-TRY,548.1878819544022,0.13,0.26
2021-04-11 17:11:27,BTC-TRY,548.1878819544022,0.13,0.26
2021-04-11 17:12:28,BTC-TRY,548.1878819544022,0.13,0.26
2021-04-11 17:13:29,BTC-TRY,548.1878819544022,0.13,0.26
2021-04-11 17:14:30,BTC-TRY,548.1878819544022,0.13,0.26
2021-04-11 17:15:31,BTC-TRY,548.1878819544022,0.13,0.26
2021-04-11 17:16:31,BTC-TRY,548.1878819544022,0.13,0.26
2021-04-11 17:17:32,BTC-TRY,548.1878819544022,0.13,0.26
2021-04-11 17:18:33,BTC-TRY,548.1878819544022,0.13,0.26
2021-04-11 17:19:34,BTC-TRY,548.1878819544022,0.13,0.26
2021-04-11 17:20:34,BTC-TRY,548.1878819544022,0.13,0.26
2021-04-11 17:21:35,BTC-TRY,548.1878819544022,0.13,0.26
2021-04-11 17:22:36,BTC-TRY,548.1878819544022,0.13,0.26
2021-04-11 17:23:37,BTC-TRY,548.1878819544022,0.13,0.26
2021-04-11 17:24:38,BTC-TRY,548.1878819544022,0.13,0.26
2021-04-11 17:25:39,BTC-TRY,548.1878819544022,0.13,0.26
2021-04-11 17:26:39,BTC-TRY,548.1878819544022,0.13,0.26
2021-04-11 17:27:40,BTC-TRY,548.1878819544022,0.13,0.26
2021-04-11 17:28:41,BTC-TRY,548.1878819544022,0.13,0.26
2021-04-11 17:29:42,BTC-TRY,548.1878819544022,0.13,0.26
2021-04-11 17:30:42,BTC-TRY,548.1878819544022,0.13,0.26
2021-04-11 17:31:43,BTC-TRY,548.1878819544022,0.13,0.26
2021-04-11 17:32:44,BTC-TRY,548.1878819544022,0.13,0.26
2021-04-11 17:33:45,BTC-TRY,548.1878819544022,0.13,0.26
2021-04-11 17:34:46,BTC-TRY,548.1878819544022,0.13,0.26
2021-04-11 17:35:47,BTC-TRY,548.1878819544022,0.13,0.26
2021-04-11 17:36:47,BTC-TRY,548.1878819544022,0.13,0.26
2021-04-11 17:37:48,BTC-TRY,548.1878819544022,0.13,0.26
2021-04-11 17:38:49,BTC-TRY,548.1878819544022,0.13,0.26
2021-04-11 17:39:50,BTC-TRY,548.1878819544022,0.13,0.26
2021-04-11 17:40:51,BTC-TRY,548.1878819544022,0.13,0.26
2021-04-11 17:41:52,BTC-TRY,548.1878819544022,0.13,0.26
2021-04-11 17:42:52,BTC-TRY,548.1878819544022,0.13,0.26
2021-04-11 17:43:53,BTC-TRY,548.1878819544022,0.13,0.26
2021-04-11 17:44:54,BTC-TRY,548.1878819544022,0.13,0.26
2021-04-11 17:45:55,BTC-TRY,548.1878819544022,0.13,0.26
2021-04-11 17:46:56,BTC-TRY,548.1878819544022,0.13,0.26
2021-04-11 17:47:56,BTC-TRY,548.1878819544022,0.13,0.26
2021-04-11 17:48:57,BTC-TRY,548.1878819544022,0.13,0.26
2021-04-11 17:49:58,BTC-TRY,548.1878819544022,0.13,0.26
2021-04-11 17:51:00,BTC-TRY,548.1878819544022,0.13,0.26
2021-04-11 17:52:02,BTC-TRY,548.1878819544022,0.13,0.26
2021-04-11 17:53:03,BTC-TRY,548.1878819544022,0.13,0.26
2021-04-11 17:54:04,BTC-TRY,548.1878819544022,0.13,0.26
2021-04-11 17:55:04,BTC-TRY,548.1878819544022,0.13,0.26
2021-04-11 17:56:05,BTC-TRY,548.1878819544022,0.13,0.26
2021-04-11 17:57:06,BTC-TRY,548.1878819544022,0.13,0.26
2021-04-11 17:58:07,BTC-TRY,548.1878819544022,0.13,0.26
2021-04-11 17:59:08,BTC-TRY,548.1878819544022,0.13,0.26
2021-04-11 18:00:09,BTC-TRY,547.9104436156855,0.13,0.26
2021-04-11 18:01:10,BTC-TRY,547.9104436156855,0.13,0.13
2021-04-11 18:02:10,BTC-TRY,547.9104436156855,0.13,0.13
2021-04-11 18:03:11,BTC-TRY,547.9104436156855,0.13,0.13
2021-04-11 18:04:12,BTC-TRY,547.9104436156855,0.13,0.13
2021-04-11 18:05:13,BTC-TRY,547.9104436156855,0.13,0.13
2021-04-11 18:06:14,BTC-TRY,547.9104436156855,0.13,0.13
2021-04-11 18:07:14,BTC-TRY,547.9104436156855,0.13,0.13
2021-04-11 18:08:15,BTC-TRY,547.9104436156855,0.13,0.13
2021-04-11 18:09:16,BTC-TRY,547.9104436156855,0.13,0.13
2021-04-11 18:10:17,BTC-TRY,547.9104436156855,0.13,0.13
2021-04-11 18:11:18,BTC-TRY,547.9104436156855,0.13,0.13
2021-04-11 18:12:19,BTC-TRY,547.9104436156855,0.13,0.13
2021-04-11 18:13:20,BTC-TRY,547.9104436156855,0.13,0.13
2021-04-11 18:14:21,BTC-TRY,547.9104436156855,0.13,0.13
2021-04-11 18:15:22,BTC-TRY,547.9104436156855,0.13,0.13
2021-04-11 18:16:22,BTC-TRY,547.9104436156855,0.13,0.13
2021-04-11 18:17:23,BTC-TRY,547.9104436156855,0.13,0.13
2021-04-11 18:18:24,BTC-TRY,547.9104436156855,0.13,0.13
2021-04-11 18:19:25,BTC-TRY,547.9104436156855,0.13,0.13
2021-04-11 18:20:25,BTC-TRY,547.9104436156855,0.13,0.13
2021-04-11 18:21:26,BTC-TRY,547.9104436156855,0.13,0.13
2021-04-11 18:22:27,BTC-TRY,547.9104436156855,0.13,0.13
2021-04-11 18:23:28,BTC-TRY,547.9104436156855,0.13,0.13
2021-04-11 18:24:28,BTC-TRY,547.9104436156855,0.13,0.13
2021-04-11 18:25:29,BTC-TRY,547.9104436156855,0.13,0.13
2021-04-11 18:26:30,BTC-TRY,547.9104436156855,0.13,0.13
2021-04-11 18:27:31,BTC-TRY,547.9104436156855,0.13,0.13
2021-04-11 18:28:32,BTC-TRY,547.9104436156855,0.13,0.13
2021-04-11 18:29:33,BTC-TRY,547.9104436156855,0.13,0.13
2021-04-11 18:30:34,BTC-TRY,547.9104436156855,0.13,0.13
2021-04-11 18:31:34,BTC-TRY,547.9104436156855,0.13,0.13
2021-04-11 18:32:35,BTC-TRY,547.9104436156855,0.13,0.13
2021-04-11 18:33:36,BTC-TRY,547.9883348478942,0.39,0.13
2021-04-11 18:34:37,BTC-TRY,547.9883348478942,0.39,0.13
2021-04-11 18:35:38,BTC-TRY,567.2390596284708,0.39,0.13
2021-04-11 18:36:39,BTC-TRY,567.2390596284708,0.39,0.13
2021-04-11 18:37:40,BTC-TRY,567.2390596284708,0.39,0.13
2021-04-11 18:38:42,BTC-TRY,567.2390596284708,0.39,0.13
2021-04-11 18:39:43,BTC-TRY,567.2390596284708,0.39,0.13
2021-04-11 18:40:43,BTC-TRY,567.2390596284708,0.39,0.13
2021-04-11 18:41:44,BTC-TRY,567.2390596284708,0.39,0.13
2021-04-11 18:42:45,BTC-TRY,567.2390596284708,0.39,0.13
2021-04-11 18:43:46,BTC-TRY,567.2390596284708,0.39,0.13
2021-04-11 18:44:47,BTC-TRY,567.2390596284708,0.39,0.13
2021-04-11 18:45:48,BTC-TRY,567.2390596284708,0.39,0.13
2021-04-11 18:46:49,BTC-TRY,567.2390596284708,0.39,0.13
2021-04-11 18:47:49,BTC-TRY,567.2390596284708,0.39,0.13
2021-04-11 18:48:50,BTC-TRY,567.2390596284708,0.39,0.13
2021-04-11 18:49:51,BTC-TRY,567.2390596284708,0.39,0.13
2021-04-11 18:50:51,BTC-TRY,567.2390596284708,0.39,0.13
2021-04-11 18:51:52,BTC-TRY,567.2390596284708,0.39,0.13
2021-04-11 18:52:53,BTC-TRY,540.7875202976428,0.13,0.13
2021-04-11 18:53:54,BTC-TRY,540.7875202976428,0.13,0.13
2021-04-11 18:54:55,BTC-TRY,540.7875202976428,0.13,0.13
2021-04-11 18:55:56,BTC-TRY,540.7875202976428,0.13,0.13
2021-04-11 18:56:57,BTC-TRY,540.7875202976428,0.13,0.13
2021-04-11 18:57:58,BTC-TRY,540.7875202976428,0.13,0.13
2021-04-11 18:58:58,BTC-TRY,540.7875202976428,0.13,0.13
2021-04-11 18:59:59,BTC-TRY,540.7875202976428,0.13,0.13
2021-04-11 19:01:00,BTC-TRY,540.7875202976428,0.13,0.13
2021-04-11 19:02:01,BTC-TRY,540.7875202976428,0.13,0.13
2021-04-11 19:03:01,BTC-TRY,540.7875202976428,0.13,0.13
2021-04-11 19:04:02,BTC-TRY,540.7875202976428,0.13,0.13
2021-04-11 19:05:03,BTC-TRY,540.7875202976428,0.13,0.13
2021-04-11 19:06:04,BTC-TRY,540.7875202976428,0.13,0.13
2021-04-11 19:07:04,BTC-TRY,540.7875202976428,0.13,0.13
2021-04-11 19:08:05,BTC-TRY,540.7875202976428,0.13,0.13
2021-04-11 19:09:06,BTC-TRY,557.4465581388364,0.13,0.13
2021-04-11 19:10:07,BTC-TRY,557.4465581388364,0.13,0.13
2021-04-11 19:11:08,BTC-TRY,557.4465581388364,0.13,0.13
2021-04-11 19:12:09,BTC-TRY,557.4465581388364,0.13,0.13
2021-04-11 19:13:10,BTC-TRY,557.4465581388364,0.13,0.13
2021-04-11 19:14:11,BTC-TRY,557.4465581388364,0.13,0.13
2021-04-11 19:15:12,BTC-TRY,540.1313205802204,0.13,0.13
2021-04-11 19:16:12,BTC-TRY,540.1313205802204,0.13,0.13
2021-04-11 19:17:13,BTC-TRY,540.1313205802204,0.13,0.13
2021-04-11 19:18:14,BTC-TRY,540.1313205802204,0.13,0.13
2021-04-11 19:19:15,BTC-TRY,540.1313205802204,0.13,0.13
2021-04-11 19:20:16,BTC-TRY,540.1313205802204,0.13,0.13
2021-04-11 19:21:17,BTC-TRY,540.1313205802204,0.13,0.13
2021-04-11 19:22:17,BTC-TRY,540.1313205802204,0.13,0.13
2021-04-11 19:23:18,BTC-TRY,540.1313205802204,0.13,0.13
2021-04-11 19:24:19,BTC-TRY,540.1313205802204,0.13,0.13
2021-04-11 19:25:20,BTC-TRY,540.1313205802204,0.13,0.13
2021-04-11 19:26:21,BTC-TRY,540.1313205802204,0.13,0.13
2021-04-11 19:27:22,BTC-TRY,540.1313205802204,0.13,0.13
2021-04-11 19:28:23,BTC-TRY,540.1313205802204,0.13,0.13
2021-04-11 19:29:24,BTC-TRY,540.1313205802204,0.13,0.13
2021-04-11 19:30:25,BTC-TRY,540.1313205802204,0.13,0.13
2021-04-11 19:31:26,BTC-TRY,540.1313205802204,0.13,0.13
2021-04-11 19:32:27,BTC-TRY,540.1313205802204,0.13,0.13
2021-04-11 19:33:27,BTC-TRY,540.1313205802204,0.13,0.13
2021-04-11 19:34:28,BTC-TRY,562.0479934026706,0.13,0.13
2021-04-11 19:35:29,BTC-TRY,562.0479934026706,0.13,0.13
2021-04-11 19:36:30,BTC-TRY,562.0479934026706,0.13,0.13
2021-04-11 19:37:31,BTC-TRY,562.0479934026706,0.13,0.13
2021-04-11 19:38:32,BTC-TRY,561.9467446763159,0.13,0.13
2021-04-11 19:39:33,BTC-TRY,561.9467446763159,0.13,0.13
2021-04-11 19:40:33,BTC-TRY,561.9467446763159,0.13,0.13
2021-04-11 19:41:34,BTC-TRY,561.9467446763159,0.13,0.13
2021-04-11 19:42:36,BTC-TRY,561.9467446763159,0.13,0.13
2021-04-11 19:43:37,BTC-TRY,561.9467446763159,0.13,0.13
2021-04-11 19:44:38,BTC-TRY,561.9467446763159,0.13,0.13
2021-04-11 19:45:39,BTC-TRY,561.9467446763159,0.13,0.13
2021-04-11 19:46:40,BTC-TRY,561.9467446763159,0.13,0.13
2021-04-11 19:47:41,BTC-TRY,561.9467446763159,0.13,0.13
2021-04-11 19:48:41,BTC-TRY,561.9467446763159,0.13,0.13
2021-04-11 19:49:42,BTC-TRY,561.9467446763159,0.13,0.13
2021-04-11 19:50:43,BTC-TRY,561.9467446763159,0.13,0.13
2021-04-11 19:51:44,BTC-TRY,561.9467446763159,0.13,0.13
2021-04-11 19:52:45,BTC-TRY,561.9467446763159,0.13,0.13
2021-04-11 19:53:46,BTC-TRY,561.9467446763159,0.13,0.13
2021-04-11 19:54:47,BTC-TRY,561.9467446763159,0.13,0.13
2021-04-11 19:55:48,BTC-TRY,561.9467446763159,0.13,0.13
2021-04-11 19:56:50,BTC-TRY,561.9467446763159,0.13,0.13
2021-04-11 19:57:52,BTC-TRY,561.9467446763159,0.13,0.13
2021-04-11 19:58:55,BTC-TRY,561.9467446763159,0.13,0.13
2021-04-11 19:59:56,BTC-TRY,561.9467446763159,0.13,0.13
2021-04-11 20:01:04,BTC-TRY,561.9467446763159,0.13,0.13
2021-04-11 20:02:10,BTC-TRY,561.9467446763159,0.13,0.13
2021-04-11 20:03:11,BTC-TRY,561.9467446763159,0.13,0.13
2021-04-11 20:04:12,BTC-TRY,561.9467446763159,0.13,0.13
2021-04-11 20:05:14,BTC-TRY,561.9467446763159,0.13,0.13
2021-04-11 20:06:18,BTC-TRY,561.9467446763159,0.13,0.13
2021-04-11 20:07:22,BTC-TRY,561.9467446763159,0.13,0.13
2021-04-11 20:08:22,BTC-TRY,561.9467446763159,0.13,0.13
2021-04-11 20:09:23,BTC-TRY,561.9467446763159,0.13,0.13
2021-04-11 20:10:24,BTC-TRY,561.9467446763159,0.13,0.13
2021-04-11 20:11:25,BTC-TRY,561.9467446763159,0.13,0.13
2021-04-11 20:12:26,BTC-TRY,561.9467446763159,0.13,0.13
2021-04-11 20:13:27,BTC-TRY,561.9467446763159,0.13,0.13
2021-04-11 20:14:28,BTC-TRY,561.9467446763159,0.13,0.13
2021-04-11 20:15:28,BTC-TRY,561.9467446763159,0.13,0.13
2021-04-11 20:16:30,BTC-TRY,561.9467446763159,0.13,0.13
2021-04-11 20:17:31,BTC-TRY,561.9467446763159,0.13,0.13
2021-04-11 20:18:32,BTC-TRY,561.9467446763159,0.13,0.13
2021-04-11 20:19:33,BTC-TRY,561.9467446763159,0.13,0.13
2021-04-11 20:20:33,BTC-TRY,561.9467446763159,0.13,0.13
2021-04-11 20:21:34,BTC-TRY,561.9467446763159,0.13,0.13
2021-04-11 20:22:35,BTC-TRY,561.9467446763159,0.13,0.13
2021-04-11 20:23:36,BTC-TRY,561.9467446763159,0.13,0.13
2021-04-11 20:24:37,BTC-TRY,561.9467446763159,0.13,0.13
2021-04-11 20:25:38,BTC-TRY,561.9467446763159,0.13,0.13
2021-04-11 20:26:39,BTC-TRY,561.9467446763159,0.13,0.13
2021-04-11 20:27:40,BTC-TRY,561.9467446763159,0.13,0.13
2021-04-11 20:28:41,BTC-TRY,548.6102771397674,0.13,0.13
2021-04-11 20:29:41,BTC-TRY,601.4297430054864,0.13,0.13
2021-04-11 20:30:42,BTC-TRY,601.4297430054864,0.13,0.13
2021-04-11 20:31:43,BTC-TRY,601.4297430054864,0.13,0.13
2021-04-11 20:32:44,BTC-TRY,601.4297430054864,0.13,0.13
2021-04-11 20:33:46,BTC-TRY,548.3545841457342,0.13,0.39
2021-04-11 20:34:47,BTC-TRY,548.3545841457342,0.13,0.39
2021-04-11 20:35:47,BTC-TRY,548.3545841457342,0.13,0.39
2021-04-11 20:36:48,BTC-TRY,548.3545841457342,0.13,0.13
2021-04-11 20:37:49,BTC-TRY,548.3545841457342,0.13,0.13
2021-04-11 20:38:50,BTC-TRY,548.3545841457342,0.13,0.13
2021-04-11 20:39:52,BTC-TRY,601.760886391201,0.13,0.26
2021-04-11 20:40:52,BTC-TRY,601.760886391201,0.13,0.26
2021-04-11 20:41:53,BTC-TRY,577.2980912022498,0.26,0.26
2021-04-11 20:42:54,BTC-TRY,577.2980912022498,0.26,0.26
2021-04-11 20:43:55,BTC-TRY,577.2980912022498,0.26,0.26
2021-04-11 20:44:56,BTC-TRY,577.2980912022498,0.26,0.26
2021-04-11 20:45:57,BTC-TRY,577.2980912022498,0.26,0.26
2021-04-11 20:46:58,BTC-TRY,577.2980912022498,0.26,0.26
2021-04-11 20:47:58,BTC-TRY,577.2980912022498,0.26,0.26
2021-04-11 20:48:59,BTC-TRY,524.406038664414,0.26,0.39
2021-04-11 20:49:59,BTC-TRY,578.5568781414781,0.26,0.13
2021-04-11 20:51:00,BTC-TRY,525.2863531185926,0.26,0.39
2021-04-11 20:52:01,BTC-TRY,525.2863531185926,0.26,0.13
2021-04-11 20:53:02,BTC-TRY,525.2863531185926,0.26,0.13
2021-04-11 20:54:03,BTC-TRY,525.2863531185926,0.26,0.13
2021-04-11 20:55:04,BTC-TRY,525.2863531185926,0.26,0.13
2021-04-11 20:56:04,BTC-TRY,525.2863531185926,0.26,0.13
2021-04-11 20:57:05,BTC-TRY,525.2863531185926,0.26,0.13
2021-04-11 20:58:06,BTC-TRY,525.2863531185926,0.26,0.13
2021-04-11 20:59:06,BTC-TRY,525.2863531185926,0.26,0.13
2021-04-11 21:00:07,BTC-TRY,525.2863531185926,0.26,0.13
2021-04-11 21:01:08,BTC-TRY,525.2863531185926,0.26,0.13
2021-04-11 21:02:08,BTC-TRY,525.2863531185926,0.26,0.13
2021-04-11 21:03:09,BTC-TRY,525.2863531185926,0.26,0.13
2021-04-11 21:04:10,BTC-TRY,525.2863531185926,0.26,0.13
2021-04-11 21:05:11,BTC-TRY,525.2863531185926,0.26,0.13
2021-04-11 21:06:12,BTC-TRY,525.2863531185926,0.26,0.13
2021-04-11 21:07:13,BTC-TRY,525.2863531185926,0.26,0.13
2021-04-11 21:08:15,BTC-TRY,525.2863531185926,0.26,0.13
2021-04-11 21:09:16,BTC-TRY,525.2863531185926,0.26,0.13
2021-04-11 21:10:17,BTC-TRY,525.2863531185926,0.26,0.13
2021-04-11 21:11:18,BTC-TRY,525.2863531185926,0.26,0.13
2021-04-11 21:12:19,BTC-TRY,525.2863531185926,0.26,0.13
2021-04-11 21:13:20,BTC-TRY,525.2863531185926,0.26,0.13
2021-04-11 21:14:20,BTC-TRY,525.2863531185926,0.26,0.13
2021-04-11 21:15:21,BTC-TRY,525.2863531185926,0.26,0.13
2021-04-11 21:16:22,BTC-TRY,525.2863531185926,0.26,0.13
2021-04-11 21:17:23,BTC-TRY,525.2863531185926,0.26,0.13
2021-04-11 21:18:24,BTC-TRY,525.2863531185926,0.26,0.13
2021-04-11 21:19:25,BTC-TRY,525.2863531185926,0.26,0.13
2021-04-11 21:20:26,BTC-TRY,525.2863531185926,0.26,0.13
2021-04-11 21:21:26,BTC-TRY,525.2863531185926,0.26,0.13
2021-04-11 21:22:27,BTC-TRY,525.2863531185926,0.26,0.13
2021-04-11 21:23:28,BTC-TRY,525.2863531185926,0.26,0.13
2021-04-11 21:24:29,BTC-TRY,525.2863531185926,0.26,0.13
2021-04-11 21:25:30,BTC-TRY,525.2863531185926,0.26,0.13
2021-04-11 21:26:32,BTC-TRY,525.2863531185926,0.26,0.13
2021-04-11 21:27:32,BTC-TRY,525.2863531185926,0.26,0.13
2021-04-11 21:28:34,BTC-TRY,525.2863531185926,0.26,0.13
2021-04-11 21:29:34,BTC-TRY,525.2863531185926,0.26,0.13
2021-04-11 21:30:35,BTC-TRY,525.2863531185926,0.26,0.13
2021-04-11 21:31:37,BTC-TRY,525.2863531185926,0.26,0.13
2021-04-11 21:32:37,BTC-TRY,525.2863531185926,0.26,0.13
2021-04-11 21:33:38,BTC-TRY,525.2863531185926,0.26,0.13
2021-04-11 21:34:39,BTC-TRY,525.2863531185926,0.26,0.13
2021-04-11 21:35:40,BTC-TRY,525.2863531185926,0.26,0.13
2021-04-11 21:36:40,BTC-TRY,525.2863531185926,0.26,0.13
2021-04-11 21:37:41,BTC-TRY,525.2863531185926,0.26,0.13
2021-04-11 21:38:42,BTC-TRY,549.628857427473,0.13,0.13
2021-04-11 21:39:43,BTC-TRY,549.628857427473,0.13,0.13
2021-04-11 21:40:44,BTC-TRY,549.628857427473,0.13,0.13
2021-04-11 21:41:45,BTC-TRY,549.628857427473,0.13,0.13
2021-04-11 21:42:45,BTC-TRY,549.628857427473,0.13,0.13
2021-04-11 21:43:46,BTC-TRY,599.1241225116696,0.13,0.13
2021-04-11 21:44:47,BTC-TRY,599.1241225116696,0.13,0.13
2021-04-11 21:45:48,BTC-TRY,599.1241225116696,0.13,0.13
2021-04-11 21:46:48,BTC-TRY,599.1241225116696,0.13,0.13
2021-04-11 21:47:49,BTC-TRY,599.1241225116696,0.13,0.13
2021-04-11 21:48:50,BTC-TRY,599.1241225116696,0.13,0.13
2021-04-11 21:49:50,BTC-TRY,599.1241225116696,0.13,0.13
2021-04-11 21:50:51,BTC-TRY,599.1241225116696,0.13,0.13
2021-04-11 21:51:52,BTC-TRY,599.1241225116696,0.13,0.13
2021-04-11 21:52:52,BTC-TRY,599.1241225116696,0.13,0.13
2021-04-11 21:53:53,BTC-TRY,599.1241225116696,0.13,0.13
2021-04-11 21:54:54,BTC-TRY,599.1241225116696,0.13,0.13
2021-04-11 21:55:55,BTC-TRY,599.1241225116696,0.13,0.13
2021-04-11 21:56:56,BTC-TRY,599.1241225116696,0.13,0.13
2021-04-11 21:57:56,BTC-TRY,599.1241225116696,0.13,0.13
2021-04-11 21:58:57,BTC-TRY,545.9598110792633,0.39,0.13
2021-04-11 21:59:58,BTC-TRY,545.9598110792633,0.39,0.13
2021-04-11 22:00:58,BTC-TRY,545.9598110792633,0.39,0.13
2021-04-11 22:01:59,BTC-TRY,545.9598110792633,0.39,0.13
2021-04-11 22:03:00,BTC-TRY,545.9598110792633,0.39,0.13
2021-04-11 22:04:00,BTC-TRY,545.9598110792633,0.39,0.13
2021-04-11 22:05:01,BTC-TRY,545.9598110792633,0.39,0.13
2021-04-11 22:06:02,BTC-TRY,545.9598110792633,0.39,0.13
2021-04-11 22:07:03,BTC-TRY,545.9598110792633,0.39,0.13
2021-04-11 22:08:03,BTC-TRY,545.9598110792633,0.39,0.13
2021-04-11 22:09:04,BTC-TRY,545.9598110792633,0.39,0.13
2021-04-11 22:10:05,BTC-TRY,545.9598110792633,0.39,0.13
2021-04-11 22:11:06,BTC-TRY,545.9598110792633,0.39,0.13
2021-04-11 22:12:06,BTC-TRY,545.9598110792633,0.39,0.13
2021-04-11 22:13:07,BTC-TRY,545.9598110792633,0.39,0.13
2021-04-11 22:14:08,BTC-TRY,545.9598110792633,0.39,0.13
2021-04-11 22:15:08,BTC-TRY,545.9598110792633,0.39,0.13
2021-04-11 22:16:09,BTC-TRY,545.9598110792633,0.26,0.13
2021-04-11 22:17:10,BTC-TRY,545.9598110792633,0.26,0.13
2021-04-11 22:18:10,BTC-TRY,599.1018042246544,0.13,0.13
2021-04-11 22:19:11,BTC-TRY,599.1018042246544,0.13,0.13
2021-04-11 22:20:12,BTC-TRY,599.1018042246544,0.13,0.13
2021-04-11 22:21:12,BTC-TRY,599.1018042246544,0.13,0.13
2021-04-11 22:22:13,BTC-TRY,599.1018042246544,0.13,0.13
2021-04-11 22:23:14,BTC-TRY,599.1018042246544,0.13,0.13
2021-04-11 22:24:15,BTC-TRY,599.1018042246544,0.13,0.13
2021-04-11 22:25:15,BTC-TRY,599.1018042246544,0.13,0.13
2021-04-11 22:26:16,BTC-TRY,599.1018042246544,0.13,0.13
2021-04-11 22:27:17,BTC-TRY,599.1018042246544,0.13,0.13
2021-04-11 22:28:18,BTC-TRY,599.1018042246544,0.13,0.13
2021-04-11 22:29:19,BTC-TRY,599.1018042246544,0.13,0.13
2021-04-11 22:30:20,BTC-TRY,599.1018042246544,0.13,0.13
2021-04-11 22:31:21,BTC-TRY,599.1018042246544,0.13,0.13
2021-04-11 22:32:22,BTC-TRY,599.1018042246544,0.13,0.13
2021-04-11 22:33:23,BTC-TRY,599.1018042246544,0.13,0.13
2021-04-11 22:34:24,BTC-TRY,599.1018042246544,0.13,0.13
2021-04-11 22:35:25,BTC-TRY,599.1018042246544,0.13,0.13
2021-04-11 22:36:26,BTC-TRY,545.1622418384678,0.39,0.13
2021-04-11 22:37:26,BTC-TRY,545.1622418384678,0.39,0.13
2021-04-11 22:38:27,BTC-TRY,545.1622418384678,0.39,0.13
2021-04-11 22:39:28,BTC-TRY,545.1622418384678,0.39,0.13
2021-04-11 22:40:29,BTC-TRY,545.1622418384678,0.39,0.13
2021-04-11 22:41:30,BTC-TRY,545.1622418384678,0.39,0.13
2021-04-11 22:42:31,BTC-TRY,545.1622418384678,0.39,0.13
2021-04-11 22:43:32,BTC-TRY,545.1622418384678,0.39,0.13
2021-04-11 22:44:32,BTC-TRY,545.1622418384678,0.39,0.13
2021-04-11 22:45:33,BTC-TRY,545.1622418384678,0.39,0.13
2021-04-11 22:46:34,BTC-TRY,545.1622418384678,0.39,0.13
2021-04-11 22:47:35,BTC-TRY,545.1622418384678,0.39,0.13
2021-04-11 22:48:36,BTC-TRY,545.1622418384678,0.39,0.13
2021-04-11 22:49:37,BTC-TRY,545.1622418384678,0.39,0.13
2021-04-11 22:50:38,BTC-TRY,545.1622418384678,0.39,0.13
2021-04-11 22:51:38,BTC-TRY,545.1622418384678,0.26,0.13
2021-04-11 22:52:39,BTC-TRY,545.1622418384678,0.26,0.13
2021-04-11 22:53:40,BTC-TRY,545.1622418384678,0.26,0.13
2021-04-11 22:54:41,BTC-TRY,545.1622418384678,0.26,0.13
2021-04-11 22:55:42,BTC-TRY,545.1622418384678,0.26,0.13
2021-04-11 22:56:43,BTC-TRY,545.1622418384678,0.26,0.13
2021-04-11 22:57:43,BTC-TRY,545.1622418384678,0.26,0.13
2021-04-11 22:58:44,BTC-TRY,545.1622418384678,0.26,0.13
2021-04-11 22:59:45,BTC-TRY,545.1622418384678,0.26,0.13
2021-04-11 23:00:46,BTC-TRY,545.1622418384678,0.26,0.13
2021-04-11 23:01:46,BTC-TRY,545.1622418384678,0.26,0.13
2021-04-11 23:02:47,BTC-TRY,545.1622418384678,0.26,0.13
2021-04-11 23:03:48,BTC-TRY,545.1622418384678,0.26,0.13
2021-04-11 23:04:49,BTC-TRY,545.1622418384678,0.26,0.13
2021-04-11 23:05:49,BTC-TRY,545.1622418384678,0.26,0.13
2021-04-11 23:06:50,BTC-TRY,545.1622418384678,0.26,0.13
2021-04-11 23:07:51,BTC-TRY,545.1622418384678,0.26,0.13
2021-04-11 23:08:52,BTC-TRY,545.1622418384678,0.26,0.13
2021-04-11 23:09:53,BTC-TRY,545.1622418384678,0.26,0.13
2021-04-11 23:10:53,BTC-TRY,545.1622418384678,0.26,0.13
2021-04-11 23:11:54,BTC-TRY,545.1622418384678,0.26,0.13
2021-04-11 23:12:55,BTC-TRY,545.1622418384678,0.26,0.13
2021-04-11 23:13:56,BTC-TRY,545.1622418384678,0.26,0.13
2021-04-11 23:14:57,BTC-TRY,545.1622418384678,0.26,0.13
2021-04-11 23:15:58,BTC-TRY,545.1622418384678,0.26,0.13
2021-04-11 23:16:58,BTC-TRY,545.1622418384678,0.26,0.13
2021-04-11 23:17:59,BTC-TRY,545.1622418384678,0.26,0.13
2021-04-11 23:19:00,BTC-TRY,545.1622418384678,0.26,0.13
2021-04-11 23:20:01,BTC-TRY,545.1622418384678,0.26,0.13
2021-04-11 23:21:01,BTC-TRY,545.1622418384678,0.26,0.13
2021-04-11 23:22:02,BTC-TRY,545.1622418384678,0.26,0.13
2021-04-11 23:23:03,BTC-TRY,545.1622418384678,0.26,0.13
2021-04-11 23:24:04,BTC-TRY,534.232042220161,0.13,0.13
2021-04-11 23:25:04,BTC-TRY,534.232042220161,0.13,0.13
2021-04-11 23:26:05,BTC-TRY,534.232042220161,0.13,0.13
2021-04-11 23:27:06,BTC-TRY,534.232042220161,0.13,0.13
2021-04-11 23:28:06,BTC-TRY,534.232042220161,0.13,0.13
2021-04-11 23:29:07,BTC-TRY,534.232042220161,0.13,0.13
2021-04-11 23:30:08,BTC-TRY,534.232042220161,0.13,0.13
2021-04-11 23:31:08,BTC-TRY,579.6922192758069,0.13,0.13
2021-04-11 23:32:09,BTC-TRY,579.6922192758069,0.13,0.13
2021-04-11 23:33:10,BTC-TRY,579.6922192758069,0.13,0.13
2021-04-11 23:34:10,BTC-TRY,553.3681281097444,0.13,0.26
2021-04-11 23:35:11,BTC-TRY,553.3681281097444,0.13,0.26
2021-04-11 23:36:12,BTC-TRY,553.3681281097444,0.13,0.26
2021-04-11 23:37:13,BTC-TRY,553.3681281097444,0.13,0.26
2021-04-11 23:38:13,BTC-TRY,553.3681281097444,0.13,0.26
2021-04-11 23:39:14,BTC-TRY,553.3681281097444,0.13,0.26
2021-04-11 23:40:15,BTC-TRY,553.3681281097444,0.13,0.26
2021-04-11 23:41:16,BTC-TRY,553.3681281097444,0.13,0.26
2021-04-11 23:42:17,BTC-TRY,553.3681281097444,0.13,0.26
2021-04-11 23:43:18,BTC-TRY,553.3681281097444,0.13,0.26
2021-04-11 23:44:18,BTC-TRY,553.3681281097444,0.13,0.26
2021-04-11 23:45:19,BTC-TRY,553.3681281097444,0.13,0.26
2021-04-11 23:46:20,BTC-TRY,553.3681281097444,0.13,0.26
2021-04-11 23:47:21,BTC-TRY,553.3681281097444,0.13,0.26
2021-04-11 23:48:21,BTC-TRY,553.3681281097444,0.13,0.26
2021-04-11 23:49:22,BTC-TRY,553.3681281097444,0.13,0.26
2021-04-11 23:50:23,BTC-TRY,553.3681281097444,0.13,0.26
2021-04-11 23:51:23,BTC-TRY,553.3681281097444,0.13,0.13
2021-04-11 23:52:24,BTC-TRY,553.3681281097444,0.13,0.13
2021-04-11 23:53:25,BTC-TRY,553.3681281097444,0.13,0.13
2021-04-11 23:54:26,BTC-TRY,553.3681281097444,0.13,0.13
2021-04-11 23:55:26,BTC-TRY,553.3681281097444,0.13,0.13
2021-04-11 23:56:27,BTC-TRY,553.3681281097444,0.13,0.13
2021-04-11 23:57:28,BTC-TRY,553.3681281097444,0.13,0.13
2021-04-11 23:58:29,BTC-TRY,553.3681281097444,0.13,0.13
2021-04-11 23:59:30,BTC-TRY,553.3681281097444,0.13,0.13
2021-04-12 00:00:30,BTC-TRY,553.3681281097444,0.13,0.13
2021-04-12 00:01:31,BTC-TRY,553.3681281097444,0.13,0.13
2021-04-12 00:02:32,BTC-TRY,553.3681281097444,0.13,0.13
2021-04-12 00:03:33,BTC-TRY,553.3681281097444,0.13,0.13
2021-04-12 00:04:34,BTC-TRY,553.3681281097444,0.13,0.13
2021-04-12 00:05:35,BTC-TRY,553.3681281097444,0.13,0.13
2021-04-12 00:06:36,BTC-TRY,553.3681281097444,0.13,0.13
2021-04-12 00:07:37,BTC-TRY,553.3681281097444,0.13,0.13
2021-04-12 00:08:37,BTC-TRY,553.3681281097444,0.13,0.13
2021-04-12 00:09:38,BTC-TRY,553.3681281097444,0.13,0.13
2021-04-12 00:10:39,BTC-TRY,553.3681281097444,0.13,0.13
2021-04-12 00:11:40,BTC-TRY,553.3681281097444,0.13,0.13
2021-04-12 00:12:41,BTC-TRY,553.3681281097444,0.13,0.13
2021-04-12 00:13:42,BTC-TRY,553.3681281097444,0.13,0.13
2021-04-12 00:14:42,BTC-TRY,553.3681281097444,0.13,0.13
2021-04-12 00:15:43,BTC-TRY,553.3681281097444,0.13,0.13
2021-04-12 00:16:44,BTC-TRY,553.3681281097444,0.13,0.13
2021-04-12 00:17:45,BTC-TRY,553.3681281097444,0.13,0.13
2021-04-12 00:18:46,BTC-TRY,553.3681281097444,0.13,0.13
2021-04-12 00:19:47,BTC-TRY,553.3681281097444,0.13,0.13
2021-04-12 00:20:48,BTC-TRY,553.3681281097444,0.13,0.13
2021-04-12 00:21:48,BTC-TRY,553.3681281097444,0.13,0.13
2021-04-12 00:22:49,BTC-TRY,553.3681281097444,0.13,0.13
2021-04-12 00:23:50,BTC-TRY,553.3681281097444,0.13,0.13
2021-04-12 00:24:51,BTC-TRY,553.3681281097444,0.13,0.13
2021-04-12 00:25:52,BTC-TRY,553.3681281097444,0.13,0.13
2021-04-12 00:26:53,BTC-TRY,553.3681281097444,0.13,0.13
2021-04-12 00:27:53,BTC-TRY,553.3681281097444,0.13,0.13
2021-04-12 00:28:54,BTC-TRY,553.3681281097444,0.13,0.13
2021-04-12 00:29:55,BTC-TRY,553.3681281097444,0.13,0.13
2021-04-12 00:30:56,BTC-TRY,553.3681281097444,0.13,0.13
2021-04-12 00:31:57,BTC-TRY,553.3681281097444,0.13,0.13
2021-04-12 00:32:57,BTC-TRY,553.3681281097444,0.13,0.13
2021-04-12 00:33:58,BTC-TRY,553.3681281097444,0.13,0.13
2021-04-12 00:34:59,BTC-TRY,553.3681281097444,0.13,0.13
2021-04-12 00:36:00,BTC-TRY,553.3681281097444,0.13,0.13
2021-04-12 00:37:01,BTC-TRY,553.3681281097444,0.13,0.13
2021-04-12 00:38:01,BTC-TRY,553.3681281097444,0.13,0.13
2021-04-12 00:39:03,BTC-TRY,553.3681281097444,0.13,0.13
2021-04-12 00:40:04,BTC-TRY,553.3681281097444,0.13,0.13
2021-04-12 00:41:04,BTC-TRY,553.3681281097444,0.13,0.13
2021-04-12 00:42:05,BTC-TRY,553.3681281097444,0.13,0.13
2021-04-12 00:43:06,BTC-TRY,553.3681281097444,0.13,0.13
2021-04-12 00:44:07,BTC-TRY,553.3681281097444,0.13,0.13
2021-04-12 00:45:08,BTC-TRY,553.3681281097444,0.13,0.13
2021-04-12 00:46:08,BTC-TRY,553.3681281097444,0.13,0.13
2021-04-12 00:47:09,BTC-TRY,553.3681281097444,0.13,0.13
2021-04-12 00:48:10,BTC-TRY,553.3681281097444,0.13,0.13
2021-04-12 00:49:10,BTC-TRY,553.3681281097444,0.13,0.13
2021-04-12 00:50:11,BTC-TRY,553.3681281097444,0.13,0.13
2021-04-12 00:51:12,BTC-TRY,553.3681281097444,0.13,0.13
2021-04-12 00:52:13,BTC-TRY,553.3681281097444,0.13,0.13
2021-04-12 00:53:13,BTC-TRY,553.3681281097444,0.13,0.13
2021-04-12 00:54:14,BTC-TRY,544.408812017855,0.13,0.13
2021-04-12 00:55:15,BTC-TRY,544.408812017855,0.13,0.13
2021-04-12 00:56:16,BTC-TRY,538.371133245288,0.13,0.13
2021-04-12 00:57:17,BTC-TRY,558.7953725579482,0.13,0.13
2021-04-12 00:58:17,BTC-TRY,579.3986592001077,0.13,0.13
2021-04-12 00:59:18,BTC-TRY,579.3986592001077,0.13,0.13
2021-04-12 01:00:19,BTC-TRY,579.3986592001077,0.13,0.13
2021-04-12 01:01:20,BTC-TRY,567.761797588333,0.26,0.13
2021-04-12 01:02:21,BTC-TRY,567.372878272323,0.13,0.13
2021-04-12 01:03:22,BTC-TRY,543.8598999788838,0.13,0.13
2021-04-12 01:04:22,BTC-TRY,543.8598999788838,0.13,0.13
2021-04-12 01:05:23,BTC-TRY,543.8598999788838,0.13,0.13
2021-04-12 01:06:24,BTC-TRY,543.8598999788838,0.13,0.13
2021-04-12 01:07:25,BTC-TRY,571.7124536752143,0.13,0.26
2021-04-12 01:08:25,BTC-TRY,571.7124536752143,0.13,0.26
2021-04-12 01:09:26,BTC-TRY,571.7124536752143,0.13,0.26
2021-04-12 01:10:27,BTC-TRY,571.7124536752143,0.13,0.26
2021-04-12 01:11:28,BTC-TRY,571.7124536752143,0.13,0.26
2021-04-12 01:12:29,BTC-TRY,571.7124536752143,0.13,0.26
2021-04-12 01:13:30,BTC-TRY,518.2322124680298,0.13,0.39
2021-04-12 01:14:30,BTC-TRY,518.2322124680298,0.13,0.39
2021-04-12 01:15:31,BTC-TRY,518.2322124680298,0.13,0.39
2021-04-12 01:16:32,BTC-TRY,518.2322124680298,0.13,0.39
2021-04-12 01:17:33,BTC-TRY,518.2322124680298,0.13,0.39
2021-04-12 01:18:34,BTC-TRY,518.2322124680298,0.13,0.39
2021-04-12 01:19:34,BTC-TRY,518.2322124680298,0.13,0.39
2021-04-12 01:20:35,BTC-TRY,551.3053150672355,0.13,0.39
2021-04-12 01:21:36,BTC-TRY,605.8779144297189,0.13,0.39
2021-04-12 01:22:36,BTC-TRY,605.8779144297189,0.13,0.39
2021-04-12 01:23:37,BTC-TRY,605.8779144297189,0.13,0.39
2021-04-12 01:24:38,BTC-TRY,605.8779144297189,0.13,0.39
2021-04-12 01:25:39,BTC-TRY,605.8779144297189,0.13,0.39
2021-04-12 01:26:40,BTC-TRY,605.8779144297189,0.13,0.39
2021-04-12 01:27:40,BTC-TRY,605.8779144297189,0.13,0.39
2021-04-12 01:28:41,BTC-TRY,552.6799422457974,0.13,0.39
2021-04-12 01:29:42,BTC-TRY,552.6799422457974,0.13,0.39
2021-04-12 01:30:43,BTC-TRY,552.6799422457974,0.13,0.13
2021-04-12 01:31:44,BTC-TRY,552.6799422457974,0.13,0.13
2021-04-12 01:32:44,BTC-TRY,552.6799422457974,0.13,0.13
2021-04-12 01:33:45,BTC-TRY,552.6799422457974,0.13,0.13
2021-04-12 01:34:46,BTC-TRY,552.6799422457974,0.13,0.13
2021-04-12 01:35:47,BTC-TRY,552.6799422457974,0.13,0.13
2021-04-12 01:36:47,BTC-TRY,552.6799422457974,0.13,0.13
2021-04-12 01:37:48,BTC-TRY,552.6799422457974,0.13,0.13
2021-04-12 01:38:49,BTC-TRY,552.6799422457974,0.13,0.13
2021-04-12 01:39:50,BTC-TRY,604.7496265987136,0.13,0.13
2021-04-12 01:40:50,BTC-TRY,604.7496265987136,0.13,0.13
2021-04-12 01:41:51,BTC-TRY,604.7496265987136,0.13,0.13
2021-04-12 01:42:52,BTC-TRY,604.7496265987136,0.13,0.13
2021-04-12 01:43:53,BTC-TRY,604.7496265987136,0.13,0.13
2021-04-12 01:44:53,BTC-TRY,604.7496265987136,0.13,0.13
2021-04-12 01:45:54,BTC-TRY,604.7496265987136,0.13,0.13
2021-04-12 01:46:55,BTC-TRY,604.7496265987136,0.13,0.13
2021-04-12 01:47:56,BTC-TRY,604.7496265987136,0.13,0.13
2021-04-12 01:48:56,BTC-TRY,604.7496265987136,0.13,0.13
2021-04-12 01:49:57,BTC-TRY,604.7496265987136,0.13,0.13
2021-04-12 01:50:58,BTC-TRY,604.7496265987136,0.13,0.13
2021-04-12 01:51:59,BTC-TRY,604.7496265987136,0.13,0.13
2021-04-12 01:53:00,BTC-TRY,604.7496265987136,0.13,0.13
2021-04-12 01:54:00,BTC-TRY,604.7496265987136,0.13,0.13
2021-04-12 01:55:01,BTC-TRY,604.7496265987136,0.13,0.13
2021-04-12 01:56:02,BTC-TRY,604.7496265987136,0.13,0.13
2021-04-12 01:57:03,BTC-TRY,604.7496265987136,0.13,0.13
2021-04-12 01:58:04,BTC-TRY,604.7496265987136,0.13,0.13
2021-04-12 01:59:05,BTC-TRY,604.7496265987136,0.13,0.13
2021-04-12 02:00:05,BTC-TRY,604.7496265987136,0.13,0.13
2021-04-12 02:01:06,BTC-TRY,604.7496265987136,0.13,0.13
2021-04-12 02:02:07,BTC-TRY,604.7496265987136,0.13,0.13
2021-04-12 02:03:08,BTC-TRY,604.7496265987136,0.13,0.13
2021-04-12 02:04:09,BTC-TRY,604.7496265987136,0.13,0.13
2021-04-12 02:05:09,BTC-TRY,604.7496265987136,0.13,0.13
2021-04-12 02:06:10,BTC-TRY,604.7496265987136,0.13,0.13
2021-04-12 02:07:11,BTC-TRY,604.7496265987136,0.13,0.13
2021-04-12 02:08:12,BTC-TRY,604.7496265987136,0.13,0.13
2021-04-12 02:09:12,BTC-TRY,604.7496265987136,0.13,0.13
2021-04-12 02:10:13,BTC-TRY,604.7496265987136,0.13,0.13
2021-04-12 02:11:14,BTC-TRY,604.7496265987136,0.13,0.13
2021-04-12 02:12:14,BTC-TRY,551.9550922641763,0.39,0.13
2021-04-12 02:13:15,BTC-TRY,551.9550922641763,0.39,0.13
2021-04-12 02:14:16,BTC-TRY,551.9550922641763,0.39,0.13
2021-04-12 02:15:17,BTC-TRY,551.9550922641763,0.39,0.13
2021-04-12 02:16:17,BTC-TRY,551.9550922641763,0.39,0.13
2021-04-12 02:17:18,BTC-TRY,551.9550922641763,0.39,0.13
2021-04-12 02:18:19,BTC-TRY,551.9550922641763,0.39,0.13
2021-04-12 02:19:19,BTC-TRY,556.8700324928682,0.39,0.13
2021-04-12 02:20:20,BTC-TRY,556.8700324928682,0.39,0.13
2021-04-12 02:21:21,BTC-TRY,556.8700324928682,0.39,0.13
2021-04-12 02:22:22,BTC-TRY,556.8700324928682,0.39,0.13
2021-04-12 02:23:23,BTC-TRY,556.8700324928682,0.39,0.13
2021-04-12 02:24:24,BTC-TRY,556.8700324928682,0.39,0.13
2021-04-12 02:25:24,BTC-TRY,556.8700324928682,0.39,0.13
2021-04-12 02:26:25,BTC-TRY,556.8700324928682,0.26,0.13
2021-04-12 02:27:26,BTC-TRY,556.8700324928682,0.26,0.13
2021-04-12 02:28:27,BTC-TRY,552.441368728416,0.13,0.13
2021-04-12 02:29:28,BTC-TRY,552.441368728416,0.13,0.13
2021-04-12 02:30:29,BTC-TRY,552.441368728416,0.13,0.13
2021-04-12 02:31:29,BTC-TRY,552.441368728416,0.13,0.13
2021-04-12 02:32:30,BTC-TRY,552.441368728416,0.13,0.13
2021-04-12 02:33:31,BTC-TRY,552.441368728416,0.13,0.13
2021-04-12 02:34:32,BTC-TRY,552.441368728416,0.13,0.13
2021-04-12 02:35:33,BTC-TRY,552.441368728416,0.13,0.13
2021-04-12 02:36:33,BTC-TRY,552.441368728416,0.13,0.13
2021-04-12 02:37:34,BTC-TRY,552.441368728416,0.13,0.13
2021-04-12 02:38:35,BTC-TRY,552.4977996742933,0.13,0.39
2021-04-12 02:39:36,BTC-TRY,552.4977996742933,0.13,0.39
2021-04-12 02:40:37,BTC-TRY,552.4977996742933,0.13,0.39
2021-04-12 02:41:37,BTC-TRY,552.4977996742933,0.13,0.39
2021-04-12 02:42:38,BTC-TRY,552.4977996742933,0.13,0.39
2021-04-12 02:43:39,BTC-TRY,552.4977996742933,0.13,0.39
2021-04-12 02:44:40,BTC-TRY,552.4977996742933,0.13,0.39
2021-04-12 02:45:40,BTC-TRY,552.4977996742933,0.13,0.39
2021-04-12 02:46:41,BTC-TRY,552.4977996742933,0.13,0.39
2021-04-12 02:47:42,BTC-TRY,552.4977996742933,0.13,0.39
2021-04-12 02:48:43,BTC-TRY,552.4977996742933,0.13,0.39
2021-04-12 02:49:44,BTC-TRY,552.4977996742933,0.13,0.39
2021-04-12 02:50:45,BTC-TRY,552.4977996742933,0.13,0.39
2021-04-12 02:51:45,BTC-TRY,552.4977996742933,0.13,0.26
2021-04-12 02:52:46,BTC-TRY,552.4977996742933,0.13,0.26
2021-04-12 02:53:47,BTC-TRY,552.4977996742933,0.13,0.26
2021-04-12 02:54:48,BTC-TRY,552.4977996742933,0.13,0.26
2021-04-12 02:55:49,BTC-TRY,552.4977996742933,0.13,0.26
2021-04-12 02:56:50,BTC-TRY,552.4977996742933,0.13,0.26
2021-04-12 02:57:51,BTC-TRY,552.4977996742933,0.13,0.26
2021-04-12 02:58:51,BTC-TRY,552.4977996742933,0.13,0.26
2021-04-12 02:59:52,BTC-TRY,552.4977996742933,0.13,0.26
2021-04-12 03:00:53,BTC-TRY,552.4977996742933,0.13,0.26
2021-04-12 03:01:54,BTC-TRY,552.4977996742933,0.13,0.26
2021-04-12 03:02:55,BTC-TRY,552.4977996742933,0.13,0.26
2021-04-12 03:03:55,BTC-TRY,552.4977996742933,0.13,0.26
2021-04-12 03:04:56,BTC-TRY,552.4977996742933,0.13,0.26
2021-04-12 03:05:57,BTC-TRY,552.4977996742933,0.13,0.26
2021-04-12 03:06:58,BTC-TRY,552.4977996742933,0.13,0.26
2021-04-12 03:07:59,BTC-TRY,552.4977996742933,0.13,0.26
2021-04-12 03:08:59,BTC-TRY,552.4977996742933,0.13,0.26
2021-04-12 03:10:00,BTC-TRY,552.4977996742933,0.13,0.26
2021-04-12 03:11:01,BTC-TRY,552.4977996742933,0.13,0.26
2021-04-12 03:12:02,BTC-TRY,552.4977996742933,0.13,0.26
2021-04-12 03:13:03,BTC-TRY,552.4977996742933,0.13,0.26
2021-04-12 03:14:04,BTC-TRY,552.4977996742933,0.13,0.26
2021-04-12 03:15:05,BTC-TRY,552.4977996742933,0.13,0.26
2021-04-12 03:16:06,BTC-TRY,552.4977996742933,0.13,0.26
2021-04-12 03:17:07,BTC-TRY,552.4977996742933,0.13,0.26
2021-04-12 03:18:08,BTC-TRY,552.4977996742933,0.13,0.26
2021-04-12 03:19:09,BTC-TRY,552.4977996742933,0.13,0.26
2021-04-12 03:20:09,BTC-TRY,552.4977996742933,0.13,0.26
2021-04-12 03:21:10,BTC-TRY,552.4977996742933,0.13,0.26
2021-04-12 03:22:11,BTC-TRY,552.4977996742933,0.13,0.26
2021-04-12 03:23:12,BTC-TRY,552.4977996742933,0.13,0.26
2021-04-12 03:24:13,BTC-TRY,552.4977996742933,0.13,0.26
2021-04-12 03:25:14,BTC-TRY,552.4977996742933,0.13,0.26
2021-04-12 03:26:15,BTC-TRY,552.4977996742933,0.13,0.26
2021-04-12 03:27:16,BTC-TRY,552.4977996742933,0.13,0.26
2021-04-12 03:28:16,BTC-TRY,552.4977996742933,0.13,0.26
2021-04-12 03:29:17,BTC-TRY,552.4977996742933,0.13,0.26
2021-04-12 03:30:18,BTC-TRY,552.4977996742933,0.13,0.26
2021-04-12 03:31:19,BTC-TRY,552.4977996742933,0.13,0.26
2021-04-12 03:32:20,BTC-TRY,552.4977996742933,0.13,0.26
2021-04-12 03:33:21,BTC-TRY,552.4977996742933,0.13,0.26
2021-04-12 03:34:22,BTC-TRY,552.4977996742933,0.13,0.26
2021-04-12 03:35:22,BTC-TRY,552.4977996742933,0.13,0.26
2021-04-12 03:36:23,BTC-TRY,552.4977996742933,0.13,0.26
2021-04-12 03:37:24,BTC-TRY,552.4977996742933,0.13,0.26
2021-04-12 03:38:25,BTC-TRY,552.4977996742933,0.13,0.26
2021-04-12 03:39:26,BTC-TRY,552.4977996742933,0.13,0.26
2021-04-12 03:40:27,BTC-TRY,552.4977996742933,0.13,0.26
2021-04-12 03:41:27,BTC-TRY,552.4977996742933,0.13,0.26
2021-04-12 03:42:28,BTC-TRY,552.4977996742933,0.13,0.26
2021-04-12 03:43:29,BTC-TRY,552.4977996742933,0.13,0.26
2021-04-12 03:44:30,BTC-TRY,552.4977996742933,0.13,0.26
2021-04-12 03:45:31,BTC-TRY,552.4977996742933,0.13,0.26
2021-04-12 03:46:32,BTC-TRY,552.4977996742933,0.13,0.26
2021-04-12 03:47:33,BTC-TRY,552.4977996742933,0.13,0.26
2021-04-12 03:48:33,BTC-TRY,551.9608279097795,0.13,0.13
2021-04-12 03:49:34,BTC-TRY,551.9608279097795,0.13,0.13
2021-04-12 03:50:35,BTC-TRY,551.9608279097795,0.13,0.13
2021-04-12 03:51:36,BTC-TRY,551.9608279097795,0.13,0.13
2021-04-12 03:52:37,BTC-TRY,551.9608279097795,0.13,0.13
2021-04-12 03:53:38,BTC-TRY,551.9608279097795,0.13,0.13
2021-04-12 03:54:38,BTC-TRY,551.9608279097795,0.13,0.13
2021-04-12 03:55:39,BTC-TRY,551.9608279097795,0.13,0.13
2021-04-12 03:56:40,BTC-TRY,551.9608279097795,0.13,0.13
2021-04-12 03:57:41,BTC-TRY,551.9608279097795,0.13,0.13
2021-04-12 03:58:41,BTC-TRY,551.9608279097795,0.13,0.13
2021-04-12 03:59:42,BTC-TRY,551.9608279097795,0.13,0.13
2021-04-12 04:00:43,BTC-TRY,551.9608279097795,0.13,0.13
2021-04-12 04:01:44,BTC-TRY,551.9608279097795,0.13,0.13
2021-04-12 04:02:45,BTC-TRY,551.9608279097795,0.13,0.13
2021-04-12 04:03:46,BTC-TRY,551.9608279097795,0.13,0.13
2021-04-12 04:04:47,BTC-TRY,551.9608279097795,0.13,0.13
2021-04-12 04:05:47,BTC-TRY,551.9608279097795,0.13,0.13
2021-04-12 04:06:48,BTC-TRY,551.9608279097795,0.13,0.13
2021-04-12 04:07:49,BTC-TRY,551.9608279097795,0.13,0.13
2021-04-12 04:08:50,BTC-TRY,551.9608279097795,0.13,0.13
2021-04-12 04:09:51,BTC-TRY,551.9608279097795,0.13,0.13
2021-04-12 04:10:52,BTC-TRY,551.9608279097795,0.13,0.13
2021-04-12 04:11:53,BTC-TRY,551.9608279097795,0.13,0.13
2021-04-12 04:12:54,BTC-TRY,551.9608279097795,0.13,0.13
2021-04-12 04:13:54,BTC-TRY,551.9608279097795,0.13,0.13
2021-04-12 04:14:55,BTC-TRY,551.9608279097795,0.13,0.13
2021-04-12 04:15:56,BTC-TRY,551.9608279097795,0.13,0.13
2021-04-12 04:16:57,BTC-TRY,551.9608279097795,0.13,0.13
2021-04-12 04:17:58,BTC-TRY,551.9608279097795,0.13,0.13
2021-04-12 04:18:59,BTC-TRY,551.9608279097795,0.13,0.13
2021-04-12 04:20:00,BTC-TRY,551.9608279097795,0.13,0.13
2021-04-12 04:21:01,BTC-TRY,551.9608279097795,0.13,0.13
2021-04-12 04:22:02,BTC-TRY,551.9608279097795,0.13,0.13
2021-04-12 04:23:02,BTC-TRY,551.9608279097795,0.13,0.13
2021-04-12 04:24:03,BTC-TRY,551.9608279097795,0.13,0.13
2021-04-12 04:25:04,BTC-TRY,551.9608279097795,0.13,0.13
2021-04-12 04:26:05,BTC-TRY,551.9608279097795,0.13,0.13
2021-04-12 04:27:06,BTC-TRY,551.9608279097795,0.13,0.13
2021-04-12 04:28:07,BTC-TRY,551.9608279097795,0.13,0.13
2021-04-12 04:29:08,BTC-TRY,551.9608279097795,0.13,0.13
2021-04-12 04:30:09,BTC-TRY,552.4977996742933,0.13,0.26
2021-04-12 04:31:10,BTC-TRY,552.4977996742933,0.13,0.26
2021-04-12 04:32:11,BTC-TRY,552.4977996742933,0.13,0.13
2021-04-12 04:33:11,BTC-TRY,552.4977996742933,0.13,0.13
2021-04-12 04:34:12,BTC-TRY,552.4977996742933,0.13,0.13
2021-04-12 04:35:13,BTC-TRY,527.320429607117,0.26,0.13
2021-04-12 04:36:14,BTC-TRY,527.320429607117,0.26,0.13
2021-04-12 04:37:15,BTC-TRY,527.320429607117,0.26,0.13
2021-04-12 04:38:15,BTC-TRY,527.320429607117,0.26,0.13
2021-04-12 04:39:16,BTC-TRY,527.320429607117,0.26,0.13
2021-04-12 04:40:17,BTC-TRY,527.320429607117,0.26,0.13
2021-04-12 04:41:18,BTC-TRY,527.320429607117,0.26,0.13
2021-04-12 04:42:19,BTC-TRY,580.0231769884068,0.26,0.13
2021-04-12 04:43:20,BTC-TRY,580.0231769884068,0.26,0.13
2021-04-12 04:44:21,BTC-TRY,527.0539363104642,0.39,0.13
2021-04-12 04:45:21,BTC-TRY,548.3534613497944,0.39,0.13
2021-04-12 04:46:22,BTC-TRY,548.3534613497944,0.39,0.13
2021-04-12 04:47:23,BTC-TRY,548.3534613497944,0.39,0.13
2021-04-12 04:48:24,BTC-TRY,548.3534613497944,0.13,0.13
2021-04-12 04:49:25,BTC-TRY,548.3534613497944,0.13,0.13
2021-04-12 04:50:26,BTC-TRY,548.3534613497944,0.13,0.13
2021-04-12 04:51:26,BTC-TRY,548.3534613497944,0.13,0.13
2021-04-12 04:52:27,BTC-TRY,548.3534613497944,0.13,0.13
2021-04-12 04:53:28,BTC-TRY,548.3534613497944,0.13,0.13
2021-04-12 04:54:29,BTC-TRY,544.7177484816576,0.26,0.13
2021-04-12 04:55:29,BTC-TRY,544.7177484816576,0.26,0.13
2021-04-12 04:56:30,BTC-TRY,544.7177484816576,0.26,0.13
2021-04-12 04:57:31,BTC-TRY,544.7177484816576,0.26,0.13
2021-04-12 04:58:32,BTC-TRY,544.7177484816576,0.26,0.13
2021-04-12 04:59:33,BTC-TRY,544.7177484816576,0.26,0.13
2021-04-12 05:00:33,BTC-TRY,565.3418196803881,0.26,0.13
2021-04-12 05:01:34,BTC-TRY,565.3418196803881,0.26,0.13
2021-04-12 05:02:35,BTC-TRY,565.3418196803881,0.26,0.13
2021-04-12 05:03:36,BTC-TRY,565.3418196803881,0.26,0.13
2021-04-12 05:04:36,BTC-TRY,565.3418196803881,0.26,0.13
2021-04-12 05:05:37,BTC-TRY,565.3418196803881,0.26,0.13
2021-04-12 05:06:38,BTC-TRY,565.3418196803881,0.26,0.13
2021-04-12 05:07:39,BTC-TRY,565.3418196803881,0.26,0.13
2021-04-12 05:08:40,BTC-TRY,565.3418196803881,0.26,0.13
2021-04-12 05:09:40,BTC-TRY,565.3418196803881,0.26,0.13
2021-04-12 05:10:41,BTC-TRY,565.3418196803881,0.26,0.13
2021-04-12 05:11:42,BTC-TRY,565.3418196803881,0.26,0.13
2021-04-12 05:12:43,BTC-TRY,565.3418196803881,0.26,0.13
2021-04-12 05:13:44,BTC-TRY,511.30178591802826,0.39,0.13
2021-04-12 05:14:45,BTC-TRY,511.30178591802826,0.39,0.13
2021-04-12 05:15:46,BTC-TRY,511.30178591802826,0.39,0.13
2021-04-12 05:16:47,BTC-TRY,511.30178591802826,0.13,0.13
2021-04-12 05:17:48,BTC-TRY,511.30178591802826,0.13,0.13
2021-04-12 05:18:49,BTC-TRY,511.30178591802826,0.13,0.13
2021-04-12 05:19:50,BTC-TRY,511.30178591802826,0.13,0.13
2021-04-12 05:20:50,BTC-TRY,511.30178591802826,0.13,0.13
2021-04-12 05:21:51,BTC-TRY,511.30178591802826,0.13,0.13
2021-04-12 05:22:52,BTC-TRY,511.30178591802826,0.13,0.13
2021-04-12 05:23:53,BTC-TRY,511.30178591802826,0.13,0.13
2021-04-12 05:24:54,BTC-TRY,564.5788167021054,0.13,0.13
2021-04-12 05:25:55,BTC-TRY,564.5788167021054,0.13,0.13
2021-04-12 05:26:56,BTC-TRY,564.5788167021054,0.13,0.13
2021-04-12 05:27:57,BTC-TRY,564.5788167021054,0.13,0.13
2021-04-12 05:28:57,BTC-TRY,564.5788167021054,0.13,0.13
2021-04-12 05:29:58,BTC-TRY,564.5788167021054,0.13,0.13
2021-04-12 05:30:59,BTC-TRY,564.5788167021054,0.13,0.13
2021-04-12 05:32:00,BTC-TRY,564.5788167021054,0.13,0.13
2021-04-12 05:33:01,BTC-TRY,564.5788167021054,0.13,0.13
2021-04-12 05:34:02,BTC-TRY,564.5788167021054,0.13,0.13
2021-04-12 05:35:02,BTC-TRY,564.5788167021054,0.13,0.13
2021-04-12 05:36:03,BTC-TRY,564.5788167021054,0.13,0.13
2021-04-12 05:37:04,BTC-TRY,564.5788167021054,0.13,0.13
2021-04-12 05:38:05,BTC-TRY,564.5788167021054,0.13,0.13
2021-04-12 05:39:06,BTC-TRY,564.5788167021054,0.13,0.13
2021-04-12 05:40:07,BTC-TRY,564.5788167021054,0.13,0.13
2021-04-12 05:41:07,BTC-TRY,564.5788167021054,0.13,0.13
2021-04-12 05:42:08,BTC-TRY,564.5788167021054,0.13,0.13
2021-04-12 05:43:09,BTC-TRY,564.5788167021054,0.13,0.13
2021-04-12 05:44:10,BTC-TRY,564.5788167021054,0.13,0.13
2021-04-12 05:45:11,BTC-TRY,564.5788167021054,0.13,0.13
2021-04-12 05:46:12,BTC-TRY,564.5788167021054,0.13,0.13
2021-04-12 05:47:13,BTC-TRY,564.5788167021054,0.13,0.13
2021-04-12 05:48:13,BTC-TRY,564.5788167021054,0.13,0.13
2021-04-12 05:49:14,BTC-TRY,564.5788167021054,0.13,0.13
2021-04-12 05:50:15,BTC-TRY,564.5788167021054,0.13,0.13
2021-04-12 05:51:16,BTC-TRY,564.5788167021054,0.13,0.13
2021-04-12 05:52:17,BTC-TRY,564.5788167021054,0.13,0.13
2021-04-12 05:53:18,BTC-TRY,564.5788167021054,0.13,0.13
2021-04-12 05:54:19,BTC-TRY,564.5788167021054,0.13,0.13
2021-04-12 05:55:20,BTC-TRY,564.5788167021054,0.13,0.13
2021-04-12 05:56:20,BTC-TRY,564.5788167021054,0.13,0.13
2021-04-12 05:57:21,BTC-TRY,564.5788167021054,0.13,0.13
2021-04-12 05:58:22,BTC-TRY,564.5788167021054,0.13,0.13
2021-04-12 05:59:23,BTC-TRY,587.2453406303704,0.13,0.13
2021-04-12 06:00:23,BTC-TRY,587.2453406303704,0.13,0.13
2021-04-12 06:01:24,BTC-TRY,587.2453406303704,0.13,0.13
2021-04-12 06:02:25,BTC-TRY,587.2453406303704,0.13,0.13
2021-04-12 06:03:26,BTC-TRY,587.2453406303704,0.13,0.13
2021-04-12 06:04:27,BTC-TRY,555.8436086963778,0.13,0.26
2021-04-12 06:05:27,BTC-TRY,555.8436086963778,0.13,0.26
2021-04-12 06:06:28,BTC-TRY,555.8436086963778,0.13,0.26
2021-04-12 06:07:29,BTC-TRY,555.8436086963778,0.13,0.26
2021-04-12 06:08:30,BTC-TRY,555.8436086963778,0.13,0.26
