2021-04-11 17:01:19,BTC-USD,3.2669664457415513,0.2515,0.2515
2021-04-11 17:02:20,BTC-USD,0.0167451736233074,0.2514,0.5
2021-04-11 17:03:21,BTC-USD,3.369774962739433,0.2516,0.2516
2021-04-11 17:04:21,BTC-USD,0.41964544995224434,0.2519,0.5
2021-04-11 17:05:22,BTC-USD,0.0016794334401123723,0.0603,0.5
2021-04-11 17:06:23,BTC-USD,0.0016785961702219505,0.0603,0.5
2021-04-11 17:07:24,BTC-USD,1.05645139652862,0.2516,0.5
2021-04-11 17:08:25,BTC-USD,0.6369533515484521,0.2516,0.5
2021-04-11 17:09:25,BTC-USD,0.8196281670498445,0.2516,0.06
2021-04-11 17:10:26,BTC-USD,3.417102598505764,0.2514,0.5
2021-04-11 17:11:27,BTC-USD,2.144895475274792,0.0595,0.2513
2021-04-11 17:12:28,BTC-USD,0.0016740691204325845,0.0604,0.5
2021-04-11 17:13:29,BTC-USD,1.390240511607777,0.5,0.5
2021-04-11 17:14:30,BTC-USD,1.0552551707508242,0.5,0.2514
2021-04-11 17:15:30,BTC-USD,3.789917812445779,0.2516,0.5
2021-04-11 17:16:31,BTC-USD,5.518458320543838,0.2517,0.5
2021-04-11 17:17:32,BTC-USD,0.15090467351676287,0.2516,0.5
2021-04-11 17:18:33,BTC-USD,1.6642234568950238,0.83882219,0.5
2021-04-11 17:19:33,BTC-USD,0.0016771013106314152,0.83837518,0.5
2021-04-11 17:20:34,BTC-USD,0.8377777442666681,0.2515,0.5
2021-04-11 17:21:35,BTC-USD,2.680610307951863,0.2514,0.2514
2021-04-11 17:22:36,BTC-USD,3.5003540607298214,0.0601,0.0601
2021-04-11 17:23:37,BTC-USD,2.6457245627934416,0.2518,0.0595
2021-04-11 17:24:38,BTC-USD,2.6165408993865924,0.2517,0.2517
2021-04-11 17:25:38,BTC-USD,2.5836541929857906,0.2518,0.5
2021-04-11 17:26:39,BTC-USD,0.8389261744966443,0.00459571,0.5
2021-04-11 17:27:40,BTC-USD,1.0757526198597722,0.0605,0.5
2021-04-11 17:28:41,BTC-USD,2.2159399950304337,0.2519,0.5
2021-04-11 17:29:42,BTC-USD,1.1242968949264154,0.2519,0.5
2021-04-11 17:30:42,BTC-USD,3.694573008121343,0.252,0.252
2021-04-11 17:31:43,BTC-USD,3.7628908408887574,0.2521,0.2521
2021-04-11 17:32:44,BTC-USD,0.2854858969974215,0.2521,0.5
2021-04-11 17:33:45,BTC-USD,0.016793823904298844,0.252,0.5
2021-04-11 17:34:46,BTC-USD,3.1386055192469304,0.2519,0.2519
2021-04-11 17:35:46,BTC-USD,0.01678438112727609,0.2519,0.5
2021-04-11 17:36:47,BTC-USD,0.01678663515353405,0.2519,0.5
2021-04-11 17:37:48,BTC-USD,0.050354833728827535,0.2519,0.5
2021-04-11 17:38:49,BTC-USD,0.0016771322517793565,0.0597,0.5
2021-04-11 17:39:50,BTC-USD,1.3934193671866377,0.252,0.5
2021-04-11 17:40:51,BTC-USD,2.451663604885619,0.252,0.5
2021-04-11 17:41:51,BTC-USD,0.5713095086068543,0.3118,0.5
2021-04-11 17:42:52,BTC-USD,0.016794895695055885,0.2521,0.5
2021-04-11 17:43:53,BTC-USD,1.9666113102008913,0.2522,0.5
2021-04-11 17:44:54,BTC-USD,0.48724428076048,0.2521,0.5
2021-04-11 17:45:55,BTC-USD,0.2520093545872423,0.2522,0.5
2021-04-11 17:46:55,BTC-USD,2.704777712631403,0.2521,0.2521
2021-04-11 17:47:56,BTC-USD,1.2262786474655358,0.2521,0.5
2021-04-11 17:48:57,BTC-USD,0.016791173215819435,0.252,0.5
2021-04-11 17:49:58,BTC-USD,0.9905062494231485,0.252,0.5
2021-04-11 17:50:59,BTC-USD,0.2856744353303807,0.2523,0.5
2021-04-11 17:52:01,BTC-USD,0.4702989421637968,0.2521,0.5
2021-04-11 17:53:03,BTC-USD,0.6552804684417691,0.2522,0.5
2021-04-11 17:54:04,BTC-USD,0.01680296673156165,0.2522,0.5
2021-04-11 17:55:04,BTC-USD,0.8405777122500752,0.2523,0.5
2021-04-11 17:56:05,BTC-USD,2.859646850435423,0.2524,1.0
2021-04-11 17:57:06,BTC-USD,8.070211173327376,0.84029687,3.0
2021-04-11 17:58:07,BTC-USD,0.016807428883321957,0.2522,0.5
2021-04-11 17:59:08,BTC-USD,0.60492611499621,0.2522,0.5
2021-04-11 18:00:09,BTC-USD,1.6036539801689145,0.252,0.0602
2021-04-11 18:01:09,BTC-USD,3.29038485751434,0.4702,0.5
2021-04-11 18:02:10,BTC-USD,1.955783170183282,0.2522,0.0596
2021-04-11 18:03:11,BTC-USD,2.6726147753565046,0.2523,0.2523
2021-04-11 18:04:12,BTC-USD,3.444104700782904,0.2521,0.2521
2021-04-11 18:05:13,BTC-USD,3.500319181362382,0.0596,0.0601
2021-04-11 18:06:14,BTC-USD,0.5546376955300629,0.2523,0.5
2021-04-11 18:07:14,BTC-USD,3.2127533699867272,0.0598,0.5
2021-04-11 18:08:15,BTC-USD,0.7735031453001816,0.2524,0.01761078
2021-04-11 18:09:16,BTC-USD,0.840956604957271,0.2524,0.5
2021-04-11 18:10:17,BTC-USD,1.2950078289117,0.2524,0.5
2021-04-11 18:11:18,BTC-USD,1.9707169303263425,0.2526,0.0601
2021-04-11 18:12:19,BTC-USD,1.6844223743796223,0.2526,0.0602
2021-04-11 18:13:20,BTC-USD,1.9346264488669818,0.2525,0.5
2021-04-11 18:14:21,BTC-USD,2.156383197031476,0.2524,0.0601
2021-04-11 18:15:22,BTC-USD,2.831027999589302,0.06,0.2525
2021-04-11 18:16:22,BTC-USD,0.8961763702001594,0.2523,0.0596
2021-04-11 18:17:23,BTC-USD,0.01680610128798948,0.2522,0.5
2021-04-11 18:18:24,BTC-USD,0.4202153855980421,0.2523,0.5
2021-04-11 18:19:25,BTC-USD,1.226878384420142,0.2522,0.5
2021-04-11 18:20:25,BTC-USD,0.8401652773133531,0.2522,0.5
2021-04-11 18:21:26,BTC-USD,0.016798619826372953,0.2521,0.5
2021-04-11 18:22:27,BTC-USD,0.8393472564256229,0.5,0.5
2021-04-11 18:23:28,BTC-USD,0.38777062108728055,0.252,0.0597
2021-04-11 18:24:28,BTC-USD,2.0143826924239066,0.252,0.252
2021-04-11 18:25:29,BTC-USD,0.6093855446370139,0.2519,0.0602
2021-04-11 18:26:30,BTC-USD,0.8452064718668453,0.5,0.0602
2021-04-11 18:27:31,BTC-USD,2.648984416259887,0.5,0.2517
2021-04-11 18:28:32,BTC-USD,0.001675112023457811,0.5,0.0601
2021-04-11 18:29:33,BTC-USD,0.03348630995884359,0.5,0.2513
2021-04-11 18:30:33,BTC-USD,0.21766793918741384,0.5,0.2513
2021-04-11 18:31:34,BTC-USD,0.892873595567083,0.2513,0.0595
2021-04-11 18:32:35,BTC-USD,0.0016725316780907163,0.5,0.0595
2021-04-11 18:33:36,BTC-USD,0.0016707153672461713,0.5,0.0597
2021-04-11 18:34:37,BTC-USD,1.5893096780761766,0.2508,0.0605
2021-04-11 18:35:38,BTC-USD,1.4015744352825432,0.1,0.01
2021-04-11 18:36:39,BTC-USD,2.606120856807581,0.0604,0.2509
2021-04-11 18:37:40,BTC-USD,2.2734302583022457,0.0602,0.2511
2021-04-11 18:38:41,BTC-USD,0.016694769528463715,2.97,0.7507
2021-04-11 18:39:42,BTC-USD,0.0016710311217911428,0.0597,0.101
2021-04-11 18:40:43,BTC-USD,4.798384265311709,0.99,0.98
2021-04-11 18:41:44,BTC-USD,3.285953585738195,0.8365461,0.2511
2021-04-11 18:42:45,BTC-USD,4.462256330722446,0.99,0.61
2021-04-11 18:43:46,BTC-USD,0.1670866110156861,0.99,0.101
2021-04-11 18:44:47,BTC-USD,0.016708661102541184,0.99,0.7509
2021-04-11 18:45:48,BTC-USD,0.016725848294184383,2.97,0.7511
2021-04-11 18:46:48,BTC-USD,0.01672182080538055,0.99,0.2511
2021-04-11 18:47:49,BTC-USD,0.016727219199927874,0.99,0.7511
2021-04-11 18:48:50,BTC-USD,0.399618706903993,0.0596,0.5
2021-04-11 18:49:51,BTC-USD,0.016734749204437523,0.99,0.7512
2021-04-11 18:50:51,BTC-USD,0.32125890656946515,0.0595,0.5
2021-04-11 18:51:52,BTC-USD,0.2676408794676865,0.99,0.2511
2021-04-11 18:52:53,BTC-USD,0.01672260377605504,0.99,0.2511
2021-04-11 18:53:54,BTC-USD,0.016726603662882797,0.99,0.7511
2021-04-11 18:54:55,BTC-USD,2.9438428523158584,0.2511,0.2511
2021-04-11 18:55:56,BTC-USD,0.6171702792862855,0.0599,0.2511
2021-04-11 18:56:57,BTC-USD,0.6101265970901901,0.0605,0.5
2021-04-11 18:57:58,BTC-USD,0.2640448461791284,0.0602,0.2509
2021-04-11 18:58:58,BTC-USD,0.5015321808123818,0.99,0.0602
2021-04-11 18:59:59,BTC-USD,1.3701147888848753,0.5,0.2508
2021-04-11 19:01:00,BTC-USD,0.05507915793009625,0.0597,0.2506
2021-04-11 19:02:00,BTC-USD,0.001669474444776585,0.0604,0.2506
2021-04-11 19:03:01,BTC-USD,0.8846411277998698,0.5,0.2506
2021-04-11 19:04:02,BTC-USD,1.7039247065736562,0.99,0.2508
2021-04-11 19:05:03,BTC-USD,0.016706874544494554,0.99,0.2508
2021-04-11 19:06:04,BTC-USD,0.01671284984270213,0.99,0.2509
2021-04-11 19:07:04,BTC-USD,0.19881874930894652,0.0603,0.101
2021-04-11 19:08:05,BTC-USD,0.6350723731823829,0.99,0.2509
2021-04-11 19:09:06,BTC-USD,1.3205866079147361,0.99,0.2509
2021-04-11 19:10:07,BTC-USD,2.4240924699328947,0.2509,0.2509
2021-04-11 19:11:08,BTC-USD,1.8224681904063695,0.99,0.101
2021-04-11 19:12:09,BTC-USD,2.4742709259796625,0.2509,0.2509
2021-04-11 19:13:10,BTC-USD,1.38704599310749,0.0604,0.61
2021-04-11 19:14:11,BTC-USD,1.0702448519552796,1.98,0.101
2021-04-11 19:15:12,BTC-USD,2.6080371009993373,0.2509,0.2509
2021-04-11 19:16:12,BTC-USD,2.341168443725,0.251,0.251
2021-04-11 19:17:13,BTC-USD,2.2005938258956075,0.0605,0.101
2021-04-11 19:18:14,BTC-USD,0.904801804921301,0.99,0.0603
2021-04-11 19:19:15,BTC-USD,0.6522011789792976,0.5,0.251
2021-04-11 19:20:16,BTC-USD,0.9031293431743417,0.99,0.2511
2021-04-11 19:21:16,BTC-USD,0.2844345691743811,0.99,0.2512
2021-04-11 19:22:17,BTC-USD,1.9406463356077728,0.2511,0.5
2021-04-11 19:23:18,BTC-USD,2.3577097107539227,0.251,0.61
2021-04-11 19:24:19,BTC-USD,0.10040631087230004,0.99,0.2512
2021-04-11 19:25:20,BTC-USD,1.5696853266225086,0.99,0.0596
2021-04-11 19:26:21,BTC-USD,1.2885023753620088,0.99,0.2512
2021-04-11 19:27:22,BTC-USD,3.628076968732846,0.251,0.61
2021-04-11 19:28:23,BTC-USD,1.190613948777404,0.0597,0.61
2021-04-11 19:29:24,BTC-USD,2.023675328890026,0.2511,0.2511
2021-04-11 19:30:25,BTC-USD,3.4998795767322406,0.0597,0.0598
2021-04-11 19:31:26,BTC-USD,1.1850121534773768,0.0596,0.2509
2021-04-11 19:32:27,BTC-USD,2.022792356185071,0.2509,0.2509
2021-04-11 19:33:27,BTC-USD,2.8405395254983157,0.83496161,0.00066474
2021-04-11 19:34:28,BTC-USD,0.3672922878631752,0.2506,0.00066474
2021-04-11 19:35:29,BTC-USD,2.589033522137907,0.99,0.2507
2021-04-11 19:36:30,BTC-USD,0.7051714803255761,0.99,0.0597
2021-04-11 19:37:31,BTC-USD,0.3709657474949599,0.99,0.0598
2021-04-11 19:38:32,BTC-USD,0.7185372586626575,0.99,0.2509
2021-04-11 19:39:32,BTC-USD,0.016719863699427816,0.99,0.5
2021-04-11 19:40:33,BTC-USD,0.8527187516207209,0.251,0.101
2021-04-11 19:41:34,BTC-USD,0.06689779856093724,0.2511,0.5
2021-04-11 19:42:36,BTC-USD,0.903287968204507,0.99,0.5
2021-04-11 19:43:37,BTC-USD,0.903287968204507,0.99,0.5
2021-04-11 19:44:38,BTC-USD,0.8362854208690009,0.2511,0.5
2021-04-11 19:45:38,BTC-USD,0.06687028668866352,0.99,0.5
2021-04-11 19:46:39,BTC-USD,9.450648655877831,0.99,0.83510761
2021-04-11 19:47:41,BTC-USD,0.46810218001921067,0.99,0.101
2021-04-11 19:48:41,BTC-USD,1.5220496489247881,0.5,0.101
2021-04-11 19:49:42,BTC-USD,2.157269999898688,0.0595,0.251
2021-04-11 19:50:43,BTC-USD,1.4043347131469435,0.99,0.2509
2021-04-11 19:51:44,BTC-USD,1.1037176890824836,0.99,0.251
2021-04-11 19:52:44,BTC-USD,0.08361511627518069,0.99,0.2511
2021-04-11 19:53:45,BTC-USD,3.219134831607498,0.83570473,0.61
2021-04-11 19:54:47,BTC-USD,2.2564911729408266,0.2509,0.2509
2021-04-11 19:55:48,BTC-USD,2.340252680425124,0.5,0.2509
2021-04-11 19:56:49,BTC-USD,2.6657720554176763,0.83618939,0.251
2021-04-11 19:57:52,BTC-USD,2.0680408837324458,0.83523453,0.61
2021-04-11 19:58:55,BTC-USD,3.1244360977626178,0.2508,0.2508
2021-04-11 19:59:56,BTC-USD,2.3890950341900608,0.2508,0.2508
2021-04-11 20:00:57,BTC-USD,1.8996605004269378,0.2508,0.06
2021-04-11 20:02:08,BTC-USD,1.9046155182728572,0.5,0.2508
2021-04-11 20:03:11,BTC-USD,2.556724184605999,0.2508,0.2508
2021-04-11 20:04:12,BTC-USD,1.0821896303526137,0.99,0.0599
2021-04-11 20:05:14,BTC-USD,2.2707199016909425,0.5,0.2506
2021-04-11 20:06:16,BTC-USD,1.2604835081168684,0.0604,0.2506
2021-04-11 20:07:21,BTC-USD,5.014467506616726,0.83463163,0.98
2021-04-11 20:08:22,BTC-USD,0.650625685032803,0.83413537,0.61
2021-04-11 20:09:23,BTC-USD,0.016666694444248207,2.7197,0.03358069
2021-04-11 20:10:24,BTC-USD,0.538585570908363,0.99,0.0598
2021-04-11 20:11:25,BTC-USD,0.016668833616006875,0.5,0.2503
2021-04-11 20:12:26,BTC-USD,0.01666805567106339,0.5,0.2503
2021-04-11 20:13:27,BTC-USD,0.15001825222092943,0.5,0.2503
2021-04-11 20:14:28,BTC-USD,0.8001533627283414,0.5,0.2502
2021-04-11 20:15:28,BTC-USD,2.7071737605725548,0.99,0.0596
2021-04-11 20:16:29,BTC-USD,0.8314155348329852,0.5,0.2497
2021-04-11 20:17:31,BTC-USD,0.0016619276802260468,0.0595,1.19
2021-04-11 20:18:32,BTC-USD,0.049903851912467045,0.5,0.0601
2021-04-11 20:19:32,BTC-USD,0.3178444356166517,0.0601,0.2499
2021-04-11 20:20:33,BTC-USD,3.95971736269441,0.2497,0.2497
2021-04-11 20:21:34,BTC-USD,4.551385340407591,0.83297681,0.2501
2021-04-11 20:22:35,BTC-USD,0.29164892469041465,0.0597,0.61
2021-04-11 20:23:36,BTC-USD,0.016667861197689295,0.49675332,0.9403
2021-04-11 20:24:37,BTC-USD,2.844042447916626,0.0599,0.61
2021-04-11 20:25:38,BTC-USD,0.01667959335127137,0.5,0.2505
2021-04-11 20:26:39,BTC-USD,0.01667959335127137,0.5,0.2505
2021-04-11 20:27:40,BTC-USD,6.095212578911478,0.99,0.61
2021-04-11 20:28:40,BTC-USD,1.0717934118201153,0.2514,0.61
2021-04-11 20:29:41,BTC-USD,4.548388499265417,0.99,0.61
2021-04-11 20:30:42,BTC-USD,1.305179386866153,0.99,0.5
2021-04-11 20:31:43,BTC-USD,7.49149645615843,0.5,0.83716052
2021-04-11 20:32:44,BTC-USD,2.8175440865243515,0.0598,0.2515
2021-04-11 20:33:46,BTC-USD,1.3243922883489447,0.01488396,0.61
2021-04-11 20:34:47,BTC-USD,2.1711569682733107,0.0599,0.2519
2021-04-11 20:35:47,BTC-USD,1.3062489844699903,0.0596,0.2518
2021-04-11 20:36:48,BTC-USD,0.8382932349735938,0.99,0.5
2021-04-11 20:37:49,BTC-USD,0.8543443409736082,0.0598,0.00250824
2021-04-11 20:38:50,BTC-USD,0.026779210763684926,0.0604,0.2514
2021-04-11 20:39:51,BTC-USD,0.0016724844040055446,0.0596,0.0002
2021-04-11 20:40:52,BTC-USD,0.8361134104229898,0.99,0.5
2021-04-11 20:41:53,BTC-USD,4.073759301889579,0.99,0.83616039
2021-04-11 20:42:54,BTC-USD,0.08367024552196846,0.99,0.5
2021-04-11 20:43:55,BTC-USD,0.8296112334711883,0.0605,0.5
2021-04-11 20:44:56,BTC-USD,1.2720538145711329,0.99,0.2514
2021-04-11 20:45:56,BTC-USD,2.0528254838593454,0.0604,0.2516
2021-04-11 20:46:57,BTC-USD,0.0016763141330147404,0.0596,0.5
2021-04-11 20:47:58,BTC-USD,0.016778523489688727,0.49854389,0.101
2021-04-11 20:48:59,BTC-USD,1.0568661068077125,0.99,0.5
2021-04-11 20:49:59,BTC-USD,0.8384309937754884,0.99,0.5
2021-04-11 20:51:00,BTC-USD,0.0016771150940420936,0.99,0.0602
2021-04-11 20:52:00,BTC-USD,2.9325562338604674,0.2516,0.61
2021-04-11 20:53:02,BTC-USD,2.2202468076621136,0.0598,0.2516
2021-04-11 20:54:03,BTC-USD,1.2565402922210105,0.99,0.5
2021-04-11 20:55:03,BTC-USD,3.499957444270326,0.0605,0.0602
2021-04-11 20:56:04,BTC-USD,0.8377959933244415,0.99,0.5
2021-04-11 20:57:05,BTC-USD,1.535935445822139,0.0599,0.5
2021-04-11 20:58:05,BTC-USD,0.5528082659917231,0.2515,0.5
2021-04-11 20:59:06,BTC-USD,0.26781738871448,0.2513,0.5
2021-04-11 21:00:07,BTC-USD,0.01507408662282132,0.0601,0.101
2021-04-11 21:01:07,BTC-USD,0.0837981336479674,0.99,0.5
2021-04-11 21:02:08,BTC-USD,0.8044229857169521,0.99,0.5
2021-04-11 21:03:09,BTC-USD,0.2513792340642324,0.2516,0.101
2021-04-11 21:04:10,BTC-USD,0.01674391191460283,0.2514,0.101
2021-04-11 21:05:11,BTC-USD,0.016747557369732605,0.2514,0.101
2021-04-11 21:06:12,BTC-USD,0.01675277593472864,0.2515,0.101
2021-04-11 21:07:13,BTC-USD,0.02680992101063625,0.99,0.0598
2021-04-11 21:08:15,BTC-USD,1.0547675493222088,0.2514,0.61
2021-04-11 21:09:16,BTC-USD,0.016745425986648,0.2514,0.101
2021-04-11 21:10:17,BTC-USD,0.016747950050670053,0.2514,0.5
2021-04-11 21:11:18,BTC-USD,0.9045059471268462,0.4692,0.101
2021-04-11 21:12:19,BTC-USD,0.05027264531356899,0.2516,0.101
2021-04-11 21:13:20,BTC-USD,0.7709815936534506,0.99,0.5
2021-04-11 21:14:20,BTC-USD,1.0404467386768277,0.99,0.06
2021-04-11 21:15:21,BTC-USD,0.016772501148672257,0.2518,0.101
2021-04-11 21:16:22,BTC-USD,0.016756481406764393,0.2516,0.601
2021-04-11 21:17:22,BTC-USD,0.01675016624515624,0.2515,0.101
2021-04-11 21:18:23,BTC-USD,0.016755723335954733,0.2515,0.101
2021-04-11 21:19:24,BTC-USD,0.04185063508338739,0.0599,0.101
2021-04-11 21:20:25,BTC-USD,0.9154873003335862,0.2513,0.0603
2021-04-11 21:21:26,BTC-USD,2.9056533033395904,0.99,0.0599
2021-04-11 21:22:27,BTC-USD,1.5412884569052405,0.2512,0.0599
2021-04-11 21:23:28,BTC-USD,1.9915451377850428,0.469,0.101
2021-04-11 21:24:28,BTC-USD,0.8368270864191332,0.2513,0.5
2021-04-11 21:25:29,BTC-USD,2.172417659848132,0.99,0.06
2021-04-11 21:26:31,BTC-USD,0.016739091134064184,0.2513,0.101
2021-04-11 21:27:32,BTC-USD,0.21755974943859718,0.2512,0.101
2021-04-11 21:28:33,BTC-USD,0.4015950014811251,0.2512,0.101
2021-04-11 21:29:34,BTC-USD,0.01673046550944615,0.2512,0.101
2021-04-11 21:30:35,BTC-USD,1.4108385200756282,0.2513,0.0602
2021-04-11 21:31:37,BTC-USD,1.4573596663144026,0.8378,0.101
2021-04-11 21:32:37,BTC-USD,0.016754656537674488,0.2515,0.101
2021-04-11 21:33:38,BTC-USD,0.016749857625966435,0.2515,0.101
2021-04-11 21:34:39,BTC-USD,0.6029817447274346,0.2515,0.5
2021-04-11 21:35:40,BTC-USD,0.01675193401053777,3.2215,0.601
2021-04-11 21:36:40,BTC-USD,0.016752551413336505,0.99,0.5
2021-04-11 21:37:41,BTC-USD,0.5025655973745974,0.99,0.5
2021-04-11 21:38:42,BTC-USD,0.016769041667013915,2.97,0.5
2021-04-11 21:39:43,BTC-USD,0.2514942952710689,0.2517,0.101
2021-04-11 21:40:44,BTC-USD,0.016768507401375154,0.2518,0.101
2021-04-11 21:41:44,BTC-USD,0.41924924199737046,0.2518,0.5
2021-04-11 21:42:45,BTC-USD,0.06708167865095041,0.99,0.5
2021-04-11 21:43:46,BTC-USD,0.7212610998721245,0.99,0.101
2021-04-11 21:44:47,BTC-USD,0.01677095404901895,0.2518,0.5
2021-04-11 21:45:47,BTC-USD,0.23176411115900203,0.2521,0.0602
2021-04-11 21:46:48,BTC-USD,0.016802515000200757,0.2523,0.5
2021-04-11 21:47:49,BTC-USD,0.840234459023446,0.2523,0.101
2021-04-11 21:48:50,BTC-USD,0.7558782129023371,0.2522,0.5
2021-04-11 21:49:50,BTC-USD,0.8399761446774912,0.99,0.5
2021-04-11 21:50:51,BTC-USD,3.5001008674601084,0.0604,0.0595
2021-04-11 21:51:52,BTC-USD,1.1590775086891263,0.2522,0.5
2021-04-11 21:52:52,BTC-USD,0.01679633436774311,0.2522,0.5
2021-04-11 21:53:53,BTC-USD,0.016796926835244114,0.99,0.5
2021-04-11 21:54:54,BTC-USD,2.417437784552817,0.99,0.5
2021-04-11 21:55:55,BTC-USD,0.9063748363492321,0.252,0.5
2021-04-11 21:56:55,BTC-USD,1.9639868597536063,0.252,0.5
2021-04-11 21:57:56,BTC-USD,2.1643714262706797,0.2519,0.61
2021-04-11 21:58:57,BTC-USD,2.096154813609914,0.2518,0.2518
2021-04-11 21:59:58,BTC-USD,0.0016746298096433742,0.0603,0.5
2021-04-11 22:00:58,BTC-USD,0.016777284898186175,0.99,0.2519
2021-04-11 22:01:59,BTC-USD,1.509487126590622,0.2518,0.5
2021-04-11 22:03:00,BTC-USD,2.0296939188019345,0.2518,0.5
2021-04-11 22:04:00,BTC-USD,0.0838750262109457,0.99,0.2519
2021-04-11 22:05:01,BTC-USD,0.016775933917217607,0.99,0.5
2021-04-11 22:06:02,BTC-USD,0.0016776581238140665,0.99,0.0602
2021-04-11 22:07:03,BTC-USD,0.016780860422814046,2.97,0.601
2021-04-11 22:08:03,BTC-USD,0.016786973308468157,0.99,0.5
2021-04-11 22:09:04,BTC-USD,0.016793288058384353,0.1511,0.101
2021-04-11 22:10:05,BTC-USD,0.016800708317618197,0.2522,0.101
2021-04-11 22:11:05,BTC-USD,0.016782831835323628,0.252,0.101
2021-04-11 22:12:06,BTC-USD,1.9634726951426855,0.252,0.02080376
2021-04-11 22:13:07,BTC-USD,0.01677061653793175,0.2518,0.101
2021-04-11 22:14:08,BTC-USD,1.727550233135908,0.2518,0.61
2021-04-11 22:15:08,BTC-USD,2.5169558928649334,0.2519,0.8619
2021-04-11 22:16:09,BTC-USD,0.016784831882879606,0.252,0.601
2021-04-11 22:17:10,BTC-USD,0.01678443746933396,0.252,0.101
2021-04-11 22:18:10,BTC-USD,0.016783507853598268,0.252,0.101
2021-04-11 22:19:11,BTC-USD,0.016784578329186672,0.252,0.101
2021-04-11 22:20:12,BTC-USD,0.01678184607117194,0.252,0.61
2021-04-11 22:21:12,BTC-USD,0.016778748709013,0.2519,0.61
2021-04-11 22:22:13,BTC-USD,0.016778326430028637,0.2519,1.19
2021-04-11 22:23:14,BTC-USD,0.5369037432252964,0.2519,0.5
2021-04-11 22:24:14,BTC-USD,0.6543810813385917,0.2519,0.5
2021-04-11 22:25:15,BTC-USD,0.016783536023480296,0.252,0.61
2021-04-11 22:26:16,BTC-USD,1.3636859827528351,0.2521,0.0597
2021-04-11 22:27:17,BTC-USD,0.8900741616513916,0.2521,0.101
2021-04-11 22:28:18,BTC-USD,0.5876190348273407,0.2521,0.61
2021-04-11 22:29:19,BTC-USD,0.9232540845600022,0.252,0.61
2021-04-11 22:30:20,BTC-USD,0.5376154403161794,0.99,0.5
2021-04-11 22:31:21,BTC-USD,0.016810339031896066,0.2523,0.101
2021-04-11 22:32:22,BTC-USD,0.016810339031896066,0.2523,0.101
2021-04-11 22:33:23,BTC-USD,0.016810254254850988,0.2524,0.101
2021-04-11 22:34:23,BTC-USD,0.4197786255440331,0.2521,0.101
2021-04-11 22:35:24,BTC-USD,0.5707599668961663,0.252,0.101
2021-04-11 22:36:25,BTC-USD,0.01678660697324799,0.252,0.101
2021-04-11 22:37:26,BTC-USD,1.779670123032045,0.99,0.252
2021-04-11 22:38:27,BTC-USD,3.2402502883479647,1.98,0.252
2021-04-11 22:39:28,BTC-USD,0.4026014765399388,0.2518,0.101
2021-04-11 22:40:29,BTC-USD,0.03186304926066461,0.2518,0.0604
2021-04-11 22:41:30,BTC-USD,1.0897903411043768,0.2517,0.5
2021-04-11 22:42:31,BTC-USD,1.3466601821259514,0.99,0.0602
2021-04-11 22:43:32,BTC-USD,1.2748832894670392,0.2518,0.101
2021-04-11 22:44:32,BTC-USD,0.7078244796557303,0.2518,0.0599
2021-04-11 22:45:33,BTC-USD,0.7581742760856064,0.99,0.0598
2021-04-11 22:46:34,BTC-USD,2.298653861319757,0.99,0.61
2021-04-11 22:47:35,BTC-USD,0.23492534408197135,0.99,0.61
2021-04-11 22:48:36,BTC-USD,1.1581533999357905,0.99,0.61
2021-04-11 22:49:36,BTC-USD,1.2755487377112327,0.252,0.101
2021-04-11 22:50:38,BTC-USD,0.16789340783323484,0.252,0.6094
2021-04-11 22:51:38,BTC-USD,3.2076850086907345,0.99,0.61
2021-04-11 22:52:39,BTC-USD,5.019246038740766,0.252,0.61
2021-04-11 22:53:40,BTC-USD,1.544754216171073,0.99,0.61
2021-04-11 22:54:41,BTC-USD,0.016790412002885398,0.252,0.2389861
2021-04-11 22:55:42,BTC-USD,1.175316999785085,0.2521,0.5
2021-04-11 22:56:42,BTC-USD,0.7891109406041846,0.2521,0.5
2021-04-11 22:57:43,BTC-USD,0.6716796356809657,0.2521,0.5
2021-04-11 22:58:44,BTC-USD,0.05037318131875484,0.2521,0.5
2021-04-11 22:59:45,BTC-USD,0.20146532446063797,0.2521,0.5
2021-04-11 23:00:46,BTC-USD,0.016785198140627195,0.252,0.61
2021-04-11 23:01:46,BTC-USD,0.01679760398952246,0.2521,0.8579
2021-04-11 23:02:47,BTC-USD,0.016799156010157575,0.2522,1.69
2021-04-11 23:03:48,BTC-USD,1.3030082677976218,0.84065041,1.69
2021-04-11 23:04:49,BTC-USD,0.0016824253847769555,0.99,0.0601
2021-04-11 23:05:49,BTC-USD,0.5737833185546537,0.99,0.0599
2021-04-11 23:06:50,BTC-USD,0.01682037687834339,0.2524,0.5
2021-04-11 23:07:51,BTC-USD,0.6725367919658755,0.5,0.5
2021-04-11 23:08:52,BTC-USD,0.016821338877401844,0.2525,0.101
2021-04-11 23:09:53,BTC-USD,1.4067534248651852,0.2523,0.06
2021-04-11 23:10:53,BTC-USD,0.016809067484341644,0.2523,0.101
2021-04-11 23:11:54,BTC-USD,0.05038299473088501,0.2521,0.98
2021-04-11 23:12:55,BTC-USD,0.016797152546455852,0.2522,0.61
2021-04-11 23:13:56,BTC-USD,0.3693047334789999,0.252,0.98
2021-04-11 23:14:57,BTC-USD,0.2014575453400502,0.252,0.98
2021-04-11 23:15:58,BTC-USD,1.847311322339032,0.2521,0.61
2021-04-11 23:16:58,BTC-USD,1.4278634962497585,0.2522,0.5
2021-04-11 23:17:59,BTC-USD,1.0235672156452325,0.2519,0.0605
2021-04-11 23:19:00,BTC-USD,1.121611714119839,0.0601,0.61
2021-04-11 23:20:01,BTC-USD,1.139454100946067,0.2515,0.98
2021-04-11 23:21:01,BTC-USD,2.0270043890505822,0.2514,0.2514
2021-04-11 23:22:02,BTC-USD,0.001675681835280018,0.99,0.0605
2021-04-11 23:23:03,BTC-USD,1.1550804287527066,0.99,0.101
2021-04-11 23:24:04,BTC-USD,4.056564874153945,0.5,0.2506
2021-04-11 23:25:04,BTC-USD,3.991069356102154,0.2506,0.61
2021-04-11 23:26:05,BTC-USD,1.922958253628039,0.2503,0.0604
2021-04-11 23:27:06,BTC-USD,0.013333777792884135,3.47,0.0603
2021-04-11 23:28:06,BTC-USD,0.016666694444248207,3.7201,0.07119597
2021-04-11 23:29:07,BTC-USD,0.5503696649587824,0.99,0.2503
2021-04-11 23:30:08,BTC-USD,0.9169035334127983,0.5,0.2502
2021-04-11 23:31:08,BTC-USD,1.6656755896908007,0.25,0.61
2021-04-11 23:32:09,BTC-USD,2.58347542448168,0.5,0.2501
2021-04-11 23:33:10,BTC-USD,4.609472465918433,0.5,0.5
2021-04-11 23:34:10,BTC-USD,3.918441629416828,0.83513237,0.98
2021-04-11 23:35:11,BTC-USD,2.6894653142507954,0.99,0.5
2021-04-11 23:36:12,BTC-USD,2.4758884881208654,0.99,0.0603
2021-04-11 23:37:13,BTC-USD,4.332443983506846,0.99,0.251
2021-04-11 23:38:13,BTC-USD,1.2540736492372724,0.251,0.5
2021-04-11 23:39:14,BTC-USD,1.4893278780426977,0.2511,0.5
2021-04-11 23:40:15,BTC-USD,1.3720749286767158,0.2511,0.61
2021-04-11 23:41:16,BTC-USD,0.3341776889607742,0.2508,0.98
2021-04-11 23:42:17,BTC-USD,1.9739492188606036,0.2508,0.0602
2021-04-11 23:43:18,BTC-USD,1.5040257756595152,0.2508,0.98
2021-04-11 23:44:18,BTC-USD,0.41788549937317176,0.2509,0.61
2021-04-11 23:45:19,BTC-USD,0.951983298538136,0.2507,0.61
2021-04-11 23:46:20,BTC-USD,0.651634516579329,0.99,0.101
2021-04-11 23:47:20,BTC-USD,1.3604624570789043,0.2506,0.0602
2021-04-11 23:48:21,BTC-USD,4.384473296389667,0.2502,0.98
2021-04-11 23:49:22,BTC-USD,1.333817953856568,0.2503,0.5
2021-04-11 23:50:23,BTC-USD,1.04996325128669,0.2502,0.0002
2021-04-11 23:51:23,BTC-USD,0.26627346950978137,0.06,0.5
2021-04-11 23:52:24,BTC-USD,0.016653510393213496,2.97,0.2501
2021-04-11 23:53:25,BTC-USD,2.946469147804063,0.99,0.2499
2021-04-11 23:54:26,BTC-USD,0.01664552684853915,0.99,0.2499
2021-04-11 23:55:26,BTC-USD,0.4332040941116808,0.99,0.2501
2021-04-11 23:56:27,BTC-USD,2.749234796315026,0.99,0.2501
2021-04-11 23:57:28,BTC-USD,0.3851130306741148,0.0595,0.2503
2021-04-11 23:58:29,BTC-USD,2.399948001125672,0.2502,0.61
2021-04-11 23:59:30,BTC-USD,0.0016636861732268755,0.0602,0.61
2021-04-12 00:00:30,BTC-USD,0.3013708711562388,0.0602,0.25
2021-04-12 00:01:31,BTC-USD,1.9665781706494725,0.99,0.2502
2021-04-12 00:02:32,BTC-USD,2.2996933742172563,0.99,0.2502
2021-04-12 00:03:33,BTC-USD,4.43991659954059,0.83300489,0.98
2021-04-12 00:04:34,BTC-USD,2.5502082670089576,0.99,0.2502
2021-04-12 00:05:35,BTC-USD,0.2267318898737507,0.0597,0.2503
2021-04-12 00:06:36,BTC-USD,0.0016676230488247125,0.0602,0.2504
2021-04-12 00:07:37,BTC-USD,1.3840899691836388,0.99,0.2503
2021-04-12 00:08:37,BTC-USD,2.1675047685104905,0.99,0.2503
2021-04-12 00:09:38,BTC-USD,0.21676927078865837,0.99,0.2504
2021-04-12 00:10:39,BTC-USD,3.883061519027487,0.2501,0.2501
2021-04-12 00:11:40,BTC-USD,0.016670500882839848,0.99,0.2503
2021-04-12 00:12:41,BTC-USD,0.36692045331305645,0.99,0.2504
2021-04-12 00:13:41,BTC-USD,0.016685409943594107,0.99,0.2505
2021-04-12 00:14:42,BTC-USD,2.7212428901273826,0.99,0.2506
2021-04-12 00:15:43,BTC-USD,2.3521208289471915,0.99,0.2504
2021-04-12 00:16:44,BTC-USD,2.470396966084727,0.99,0.2506
2021-04-12 00:17:45,BTC-USD,2.328960692949076,0.99,0.0098
2021-04-12 00:18:46,BTC-USD,0.016683099519450795,0.99,0.2505
2021-04-12 00:19:46,BTC-USD,0.6840070803071934,0.99,0.5
2021-04-12 00:20:47,BTC-USD,4.2208241784817435,0.99,0.2504
2021-04-12 00:21:48,BTC-USD,3.3025319411553706,0.2504,0.2504
2021-04-12 00:22:49,BTC-USD,0.01667397542686557,0.99,0.2503
2021-04-12 00:23:50,BTC-USD,1.449697979587101,0.0001,0.5
2021-04-12 00:24:51,BTC-USD,3.2522332001307563,0.2503,0.2503
2021-04-12 00:25:52,BTC-USD,3.422502032632305,0.99,0.2506
2021-04-12 00:26:52,BTC-USD,3.9746358114691476,0.2507,1.19
2021-04-12 00:27:53,BTC-USD,0.6847507674216536,0.99,0.2507
2021-04-12 00:28:54,BTC-USD,3.954416003895683,0.83496958,0.98
2021-04-12 00:29:55,BTC-USD,2.4378311317712087,0.2506,0.61
2021-04-12 00:30:56,BTC-USD,1.8033181053142633,0.2507,0.5
2021-04-12 00:31:56,BTC-USD,1.803158532695711,0.2507,0.5
2021-04-12 00:32:57,BTC-USD,2.4209719618054106,0.2506,0.2506
2021-04-12 00:33:58,BTC-USD,4.196847181256738,0.251,0.61
2021-04-12 00:34:59,BTC-USD,2.3228337903803693,0.2509,0.2509
2021-04-12 00:36:00,BTC-USD,0.016696163221448693,0.2507,0.61
2021-04-12 00:37:01,BTC-USD,2.0705869780119452,0.2507,0.61
2021-04-12 00:38:01,BTC-USD,2.1180999142748407,0.80434951,0.5
2021-04-12 00:39:03,BTC-USD,2.2172246682074377,0.99,0.5
2021-04-12 00:40:03,BTC-USD,1.8140529076541456,0.5,0.83351291
2021-04-12 00:41:04,BTC-USD,1.5342590029312835,0.99,0.2504
2021-04-12 00:42:05,BTC-USD,3.385062059470702,0.99,0.83306671
2021-04-12 00:43:06,BTC-USD,0.016663472834130926,0.2502,0.101
2021-04-12 00:44:07,BTC-USD,4.326090976177542,0.99,0.83254151
2021-04-12 00:45:07,BTC-USD,0.016676617049142785,0.5,0.101
2021-04-12 00:46:08,BTC-USD,0.7335240495864683,0.99,0.2503
2021-04-12 00:47:09,BTC-USD,1.8831073604505644,0.99,0.2502
2021-04-12 00:48:10,BTC-USD,1.51790122633172,0.99,0.2504
2021-04-12 00:49:10,BTC-USD,0.21683543691433738,0.99,0.2505
2021-04-12 00:50:11,BTC-USD,0.01667291901105328,0.99,0.2504
2021-04-12 00:51:12,BTC-USD,2.9847013214392355,0.99,0.2503
2021-04-12 00:52:12,BTC-USD,0.016674420271850544,0.99,0.2504
2021-04-12 00:53:13,BTC-USD,2.7344134266358844,0.5,0.2503
2021-04-12 00:54:14,BTC-USD,2.083052121296958,0.5,0.2502
2021-04-12 00:55:15,BTC-USD,1.0491484411823921,0.99,0.25
2021-04-12 00:56:16,BTC-USD,0.06661215571947876,0.5,0.25
2021-04-12 00:57:16,BTC-USD,0.016655673921635854,3.47,0.2501
2021-04-12 00:58:17,BTC-USD,0.016657782515749068,0.99,0.2502
2021-04-12 00:59:18,BTC-USD,0.6168136739263468,0.467,0.101
2021-04-12 01:00:19,BTC-USD,0.016644197000473496,0.2498,2.86
2021-04-12 01:01:20,BTC-USD,0.01659753792098324,2.97,0.6700991
2021-04-12 01:02:21,BTC-USD,0.016596105557628287,0.5,0.2492
2021-04-12 01:03:21,BTC-USD,2.3585258217061384,0.99,0.2494
2021-04-12 01:04:22,BTC-USD,0.13273205711387986,0.99,0.2491
2021-04-12 01:05:23,BTC-USD,0.04978715989194699,0.5,0.2492
2021-04-12 01:06:24,BTC-USD,2.676917654022284,0.5,0.2496
2021-04-12 01:07:25,BTC-USD,3.817621071934893,0.00205756,0.61
2021-04-12 01:08:25,BTC-USD,8.030678156705187,0.83288502,0.25
2021-04-12 01:09:26,BTC-USD,0.001666841962006556,0.0596,0.61
2021-04-12 01:10:27,BTC-USD,1.3113169993731342,0.0597,0.2505
2021-04-12 01:11:28,BTC-USD,3.2403942001279225,0.83429293,0.2505
2021-04-12 01:12:29,BTC-USD,2.3515741945030215,0.0595,0.2506
2021-04-12 01:13:30,BTC-USD,0.6281885581472109,0.0603,0.61
2021-04-12 01:14:30,BTC-USD,1.1025984570301586,0.2508,0.101
2021-04-12 01:15:31,BTC-USD,1.1522276401044445,1.08564749,0.101
2021-04-12 01:16:32,BTC-USD,4.226563870396998,0.2508,0.2508
2021-04-12 01:17:33,BTC-USD,2.17194086306247,0.2508,0.61
2021-04-12 01:18:33,BTC-USD,1.871873595050961,0.5,0.61
2021-04-12 01:19:34,BTC-USD,2.340808314551133,0.5,0.251
2021-04-12 01:20:35,BTC-USD,4.9974594155230205,0.0602,0.2513
2021-04-12 01:21:36,BTC-USD,1.6590807017075888,0.2516,0.101
2021-04-12 01:22:36,BTC-USD,2.8138111229288607,0.2514,0.61
2021-04-12 01:23:37,BTC-USD,1.4408352823699637,0.99,0.2515
2021-04-12 01:24:38,BTC-USD,2.814183484763694,0.2515,0.61
2021-04-12 01:25:39,BTC-USD,2.76420802927045,0.2515,0.2515
2021-04-12 01:26:40,BTC-USD,1.8616008761261502,0.99,0.2518
2021-04-12 01:27:40,BTC-USD,1.7105569875421756,0.0603,0.2518
2021-04-12 01:28:41,BTC-USD,1.7601118425353657,0.2517,0.58
2021-04-12 01:29:42,BTC-USD,1.751957959714538,0.0601,0.2517
2021-04-12 01:30:43,BTC-USD,3.333869432940884,0.2515,0.2515
2021-04-12 01:31:43,BTC-USD,1.6501553407652105,0.0603,0.2515
2021-04-12 01:32:44,BTC-USD,0.6033870124307481,0.99,0.2516
2021-04-12 01:33:45,BTC-USD,0.08377173876620983,0.2516,0.101
2021-04-12 01:34:46,BTC-USD,1.8258812808643379,0.2515,0.61
2021-04-12 01:35:47,BTC-USD,0.2679909888027578,0.2515,0.101
2021-04-12 01:36:47,BTC-USD,0.016744136203257876,0.2514,0.101
2021-04-12 01:37:48,BTC-USD,0.803099965867521,0.2512,0.61
2021-04-12 01:38:49,BTC-USD,0.18414109895383496,0.2513,0.101
2021-04-12 01:39:50,BTC-USD,1.0032706623592913,0.2511,0.101
2021-04-12 01:40:50,BTC-USD,2.565990677180122,0.06,0.98
2021-04-12 01:41:51,BTC-USD,1.0333808777718254,0.99,0.0599
2021-04-12 01:42:52,BTC-USD,1.0151961653347654,0.99,0.0604
2021-04-12 01:43:53,BTC-USD,0.533518866331335,0.99,0.0597
2021-04-12 01:44:53,BTC-USD,0.6528365749170444,0.99,0.2513
2021-04-12 01:45:54,BTC-USD,0.1171644201791219,0.2513,0.101
2021-04-12 01:46:55,BTC-USD,0.05019996318718067,0.99,0.101
2021-04-12 01:47:55,BTC-USD,0.7695499136775488,0.2512,0.101
2021-04-12 01:48:56,BTC-USD,0.4886916419345511,0.0605,0.101
2021-04-12 01:49:57,BTC-USD,1.1215134740644763,0.99,0.2513
2021-04-12 01:50:58,BTC-USD,0.016738754904211606,0.2513,0.5
2021-04-12 01:51:59,BTC-USD,0.0167364296841576,0.2513,0.5
2021-04-12 01:53:00,BTC-USD,1.0208487436876104,0.2513,0.5
2021-04-12 01:54:00,BTC-USD,0.40167162340510076,0.2513,0.101
2021-04-12 01:55:01,BTC-USD,2.1932977368247704,0.99,0.0602
2021-04-12 01:56:02,BTC-USD,0.001672363853199444,0.99,0.0603
2021-04-12 01:57:03,BTC-USD,0.8365316727621941,0.99,0.5
2021-04-12 01:58:04,BTC-USD,0.334396714886673,0.251,0.5
2021-04-12 01:59:05,BTC-USD,1.6863462831793226,0.2511,0.0598
2021-04-12 02:00:05,BTC-USD,2.415824402167783,0.0605,0.5
2021-04-12 02:01:06,BTC-USD,0.9058122394951272,0.5,0.0605
2021-04-12 02:02:07,BTC-USD,3.4924252804792104,0.99,0.5
2021-04-12 02:03:08,BTC-USD,2.3737642216902484,0.99,0.5
2021-04-12 02:04:08,BTC-USD,0.016711648854591074,0.2509,0.101
2021-04-12 02:05:09,BTC-USD,0.15049009607980912,0.4684,0.101
2021-04-12 02:06:10,BTC-USD,0.016711174094642192,0.2509,0.101
2021-04-12 02:07:11,BTC-USD,1.703967404105407,0.2508,0.5
2021-04-12 02:08:12,BTC-USD,0.01670274459474879,0.2508,0.601
2021-04-12 02:09:12,BTC-USD,4.441305476663702,0.99,0.61
2021-04-12 02:10:13,BTC-USD,0.01669148133534268,0.2506,0.5
2021-04-12 02:11:14,BTC-USD,0.8342913779323257,0.99,0.5
2021-04-12 02:12:14,BTC-USD,0.0016682598551678968,0.99,0.0603
2021-04-12 02:13:15,BTC-USD,0.013357505966922513,0.06,0.101
2021-04-12 02:14:16,BTC-USD,0.016673836417296233,0.2503,0.101
2021-04-12 02:15:16,BTC-USD,0.9671744332446052,0.2503,0.5
2021-04-12 02:16:17,BTC-USD,0.01666061331025474,0.2501,0.101
2021-04-12 02:17:18,BTC-USD,1.0491484411823921,0.99,0.5
2021-04-12 02:18:19,BTC-USD,6.774842197779511,0.2499,0.2499
2021-04-12 02:19:19,BTC-USD,0.016626485991943604,0.99,0.7497
2021-04-12 02:20:20,BTC-USD,0.1681758366614268,0.0596,0.25
2021-04-12 02:21:21,BTC-USD,2.5974458449189206,0.2499,0.5
2021-04-12 02:22:22,BTC-USD,0.09983543791958668,0.2498,0.5
2021-04-12 02:23:22,BTC-USD,2.5641367184380504,0.99,0.25
2021-04-12 02:24:23,BTC-USD,0.016667277799943467,0.2502,0.101
2021-04-12 02:25:24,BTC-USD,0.016666500001424122,0.0595,0.101
2021-04-12 02:26:25,BTC-USD,2.100829827781731,0.99,0.5
2021-04-12 02:27:26,BTC-USD,0.05005781677886466,0.99,0.5
2021-04-12 02:28:27,BTC-USD,0.40079557922500414,0.99,0.2508
2021-04-12 02:29:28,BTC-USD,1.0689095953010492,0.2507,0.5
2021-04-12 02:30:29,BTC-USD,2.505097874173944,0.99,0.5
2021-04-12 02:31:29,BTC-USD,2.03710877492905,0.0602,0.5
2021-04-12 02:32:30,BTC-USD,1.0824604325625355,0.06,0.5
2021-04-12 02:33:31,BTC-USD,2.2702347189008427,0.2506,0.2506
2021-04-12 02:34:32,BTC-USD,1.868750323277849,0.2505,0.5
2021-04-12 02:35:32,BTC-USD,1.7741032941629031,0.0598,0.5
2021-04-12 02:36:33,BTC-USD,2.5020266415796795,0.99,0.2504
2021-04-12 02:37:34,BTC-USD,2.1815488997190915,0.2504,0.0597
2021-04-12 02:38:35,BTC-USD,2.8710402179327117,0.2506,0.5
2021-04-12 02:39:36,BTC-USD,0.001668980986094269,0.2506,0.06
2021-04-12 02:40:36,BTC-USD,0.4757659832327622,0.99,0.0603
2021-04-12 02:41:37,BTC-USD,1.8913531939332713,0.2506,0.0599
2021-04-12 02:42:38,BTC-USD,0.15022207830479045,0.2506,0.5
2021-04-12 02:43:39,BTC-USD,0.016692094290059325,0.2506,0.5
2021-04-12 02:44:39,BTC-USD,0.016694435077983173,1.2406,0.5
2021-04-12 02:45:40,BTC-USD,0.06677774030828866,0.99,0.5
2021-04-12 02:46:41,BTC-USD,0.8344208618566198,0.99,0.5
2021-04-12 02:47:42,BTC-USD,0.18355604800588393,0.2505,0.5
2021-04-12 02:48:43,BTC-USD,0.01668705268366534,0.2505,0.5
2021-04-12 02:49:44,BTC-USD,0.016683350016440574,0.2505,0.601
2021-04-12 02:50:44,BTC-USD,3.500323921778138,0.0601,0.0604
2021-04-12 02:51:45,BTC-USD,0.8336973811897862,0.2504,0.5
2021-04-12 02:52:46,BTC-USD,0.5335823384241128,0.99,0.7504
2021-04-12 02:53:47,BTC-USD,2.417593410807476,0.2503,0.7503
2021-04-12 02:54:48,BTC-USD,2.7475368923975076,0.2504,0.0601
2021-04-12 02:55:49,BTC-USD,2.0363471270821427,0.99,0.2506
2021-04-12 02:56:50,BTC-USD,0.8507969131083689,0.99,0.5
2021-04-12 02:57:51,BTC-USD,0.8347050319358145,0.99,0.5
2021-04-12 02:58:51,BTC-USD,1.9163041226424427,0.99,0.0601
2021-04-12 02:59:52,BTC-USD,0.016714274491601046,0.2509,0.5
2021-04-12 03:00:53,BTC-USD,0.8354749340810277,0.99,0.5
2021-04-12 03:01:54,BTC-USD,0.09026061247523234,0.0601,0.5
2021-04-12 03:02:54,BTC-USD,0.7184496191386475,0.99,0.2509
2021-04-12 03:03:55,BTC-USD,1.6711537143898032,0.99,0.5
2021-04-12 03:04:56,BTC-USD,0.8346743768321103,0.99,0.5
2021-04-12 03:05:57,BTC-USD,0.0016701631535682064,0.0602,0.5
2021-04-12 03:06:58,BTC-USD,0.06687844842023996,0.99,0.5
2021-04-12 03:07:58,BTC-USD,0.001670930324216838,0.99,0.0597
2021-04-12 03:08:59,BTC-USD,1.3369430796483839,0.99,0.5
2021-04-12 03:10:00,BTC-USD,0.0016722240248487922,0.99,0.0601
2021-04-12 03:11:01,BTC-USD,1.8576082265794782,0.0596,0.251
2021-04-12 03:12:02,BTC-USD,0.016722128392258458,0.99,0.7511
2021-04-12 03:13:03,BTC-USD,0.839292533239675,0.0602,0.5
2021-04-12 03:14:04,BTC-USD,1.1534179618939884,0.2509,0.5
2021-04-12 03:15:05,BTC-USD,0.6535926954072854,0.0596,0.251
2021-04-12 03:16:06,BTC-USD,1.8381154971517564,0.2508,0.5
2021-04-12 03:17:07,BTC-USD,2.2060924920985268,1.2409,0.2509
2021-04-12 03:18:08,BTC-USD,2.022170340277091,0.99,0.2509
2021-04-12 03:19:08,BTC-USD,1.3369721258023923,0.99,0.2509
2021-04-12 03:20:09,BTC-USD,0.0016704669793843106,0.99,0.0595
2021-04-12 03:21:10,BTC-USD,4.535274758579347,0.83584117,0.61
2021-04-12 03:22:11,BTC-USD,0.516252859648855,0.0602,0.0603
2021-04-12 03:23:12,BTC-USD,0.0016710838987786495,0.99,0.0603
2021-04-12 03:24:13,BTC-USD,0.016710615586629632,0.99,0.2509
2021-04-12 03:25:14,BTC-USD,0.016710615586629632,0.99,0.2509
2021-04-12 03:26:15,BTC-USD,0.01671773936138583,0.99,0.751
2021-04-12 03:27:15,BTC-USD,4.378825204651096,0.99,0.2509
2021-04-12 03:28:16,BTC-USD,1.0526984169425813,0.2509,0.5
2021-04-12 03:29:17,BTC-USD,0.016712011926664477,0.99,0.2509
2021-04-12 03:30:18,BTC-USD,2.926103349970321,0.251,0.251
2021-04-12 03:31:19,BTC-USD,1.620669720876747,0.2508,0.5
2021-04-12 03:32:20,BTC-USD,1.8550209232988197,0.99,0.2509
2021-04-12 03:33:21,BTC-USD,0.484536518264513,0.0601,0.06
2021-04-12 03:34:21,BTC-USD,0.016711062388837145,0.99,0.2509
2021-04-12 03:35:22,BTC-USD,0.016718857367385317,0.99,0.7511
2021-04-12 03:36:23,BTC-USD,0.6225630922497737,0.0603,0.2513
2021-04-12 03:37:24,BTC-USD,1.9243544627453342,0.2512,0.61
2021-04-12 03:38:25,BTC-USD,0.6696757430052368,0.99,0.2513
2021-04-12 03:39:26,BTC-USD,2.6775733153043397,0.2512,0.2512
2021-04-12 03:40:27,BTC-USD,2.3591377267948763,0.2512,0.2512
2021-04-12 03:41:27,BTC-USD,2.4255969059420432,0.2511,0.61
2021-04-12 03:42:28,BTC-USD,0.001674091542010284,0.0605,0.5
2021-04-12 03:43:29,BTC-USD,1.892096895454599,0.99,0.5
2021-04-12 03:44:30,BTC-USD,0.5358141528618111,0.99,0.2514
2021-04-12 03:45:31,BTC-USD,0.001674209257533617,0.0598,0.61
2021-04-12 03:46:32,BTC-USD,0.538855497698512,0.06,0.61
2021-04-12 03:47:32,BTC-USD,0.021779021005762,0.0601,0.101
2021-04-12 03:48:33,BTC-USD,4.3860237408630365,0.99,0.0603
2021-04-12 03:49:34,BTC-USD,0.016770757165900492,0.2517,0.101
2021-04-12 03:50:35,BTC-USD,0.23300723495836342,0.99,0.06
2021-04-12 03:51:36,BTC-USD,0.6041941141420938,0.99,0.101
2021-04-12 03:52:37,BTC-USD,1.1294133418231418,0.99,0.0604
2021-04-12 03:53:37,BTC-USD,1.9607185949854353,0.99,0.2516
2021-04-12 03:54:38,BTC-USD,1.0419877507808482,0.2515,0.0598
2021-04-12 03:55:39,BTC-USD,1.5580316531725897,0.99,0.5
2021-04-12 03:56:40,BTC-USD,0.18431110373964227,0.99,0.2516
2021-04-12 03:57:41,BTC-USD,1.8933777020431575,0.99,0.2515
2021-04-12 03:58:41,BTC-USD,0.9130438788791785,0.06,0.2515
2021-04-12 03:59:42,BTC-USD,3.451644306379648,0.99,0.2515
2021-04-12 04:00:43,BTC-USD,1.3740245682302674,0.99,0.06
2021-04-12 04:01:44,BTC-USD,1.6588833201798054,0.99,0.2515
2021-04-12 04:02:45,BTC-USD,2.8621067113901506,0.2513,0.0603
2021-04-12 04:03:46,BTC-USD,3.500236529613992,0.0605,0.0602
2021-04-12 04:04:46,BTC-USD,0.01673973561237214,0.2513,0.101
2021-04-12 04:05:47,BTC-USD,0.7029429879758404,0.2512,0.101
2021-04-12 04:06:48,BTC-USD,0.8366464532883552,0.2512,0.101
2021-04-12 04:07:49,BTC-USD,1.0543686005676243,0.99,0.5
2021-04-12 04:08:50,BTC-USD,0.033472019065174975,0.99,0.101
2021-04-12 04:09:51,BTC-USD,2.442092304398199,0.99,0.2511
2021-04-12 04:10:52,BTC-USD,1.256413816870536,0.99,0.0599
2021-04-12 04:11:53,BTC-USD,0.2509150033789887,0.2511,0.101
2021-04-12 04:12:53,BTC-USD,1.369496513553221,0.251,0.0599
2021-04-12 04:13:54,BTC-USD,0.016724561523564874,0.251,0.101
2021-04-12 04:14:55,BTC-USD,1.3882964932973565,0.99,0.2511
2021-04-12 04:15:56,BTC-USD,0.016720926071526237,0.251,0.101
2021-04-12 04:16:57,BTC-USD,0.3176381098863115,0.251,0.101
2021-04-12 04:17:58,BTC-USD,0.8042819233871592,0.99,0.06
2021-04-12 04:18:58,BTC-USD,1.1537516156705312,0.99,0.251
2021-04-12 04:19:59,BTC-USD,0.016730717429650648,1.2411,0.101
2021-04-12 04:21:00,BTC-USD,2.5484949832772514,0.4685,0.0603
2021-04-12 04:22:01,BTC-USD,0.01672279953018044,0.251,0.101
2021-04-12 04:23:02,BTC-USD,3.0095352107259834,0.251,0.61
2021-04-12 04:24:03,BTC-USD,4.6658795433783276,0.99,0.98
2021-04-12 04:25:04,BTC-USD,0.9343654254711999,0.2509,0.06
2021-04-12 04:26:05,BTC-USD,0.001671849400146666,0.99,0.0603
2021-04-12 04:27:06,BTC-USD,1.4211171318178095,0.251,0.5
2021-04-12 04:28:07,BTC-USD,2.7167961533510216,0.251,0.0604
2021-04-12 04:29:08,BTC-USD,1.6369373236735603,0.2507,0.5
2021-04-12 04:30:09,BTC-USD,1.9001793575791244,0.06,0.2505
2021-04-12 04:31:10,BTC-USD,0.2718225115740786,0.2504,0.0597
2021-04-12 04:32:10,BTC-USD,1.6173305883696114,0.2501,0.06
2021-04-12 04:33:11,BTC-USD,3.2012057875128113,0.2503,0.98
2021-04-12 04:34:12,BTC-USD,3.5012937788795555,0.0597,0.0604
2021-04-12 04:35:13,BTC-USD,1.3667031120825037,0.99,0.2502
2021-04-12 04:36:14,BTC-USD,0.15016167406932385,0.2504,0.101
2021-04-12 04:37:15,BTC-USD,0.08840483811303307,0.0599,0.101
2021-04-12 04:38:15,BTC-USD,1.801591405742224,0.99,0.2504
2021-04-12 04:39:16,BTC-USD,3.719878161479896,0.2504,0.5
2021-04-12 04:40:17,BTC-USD,3.014897926550727,0.2501,0.61
2021-04-12 04:41:18,BTC-USD,0.5326417867463892,0.5,0.2499
2021-04-12 04:42:19,BTC-USD,1.4294452422753148,0.5,0.61
2021-04-12 04:43:20,BTC-USD,0.0016618473098077688,0.99,0.0596
2021-04-12 04:44:20,BTC-USD,2.4718884896253974,0.5,0.0598
2021-04-12 04:45:21,BTC-USD,0.01657561130830385,0.5,0.2489
2021-04-12 04:46:22,BTC-USD,0.8297130188610363,0.5,0.2492
2021-04-12 04:47:23,BTC-USD,0.016612785864271017,0.99,0.2494
2021-04-12 04:48:24,BTC-USD,1.960627932633428,0.5,0.2495
2021-04-12 04:49:25,BTC-USD,1.9107751100772619,0.5,0.2494
2021-04-12 04:50:25,BTC-USD,1.3448023389596784,0.5,0.2493
2021-04-12 04:51:26,BTC-USD,0.001660109235525884,0.5,0.0597
2021-04-12 04:52:27,BTC-USD,0.8317782455957321,0.2493,0.0597
2021-04-12 04:53:28,BTC-USD,0.5140169094979621,0.5,0.5686112
2021-04-12 04:54:29,BTC-USD,0.8277474178419301,0.5,0.61
2021-04-12 04:55:29,BTC-USD,2.4027467538062823,0.99,0.2489
2021-04-12 04:56:30,BTC-USD,0.016566137820085914,0.99,0.2488
2021-04-12 04:57:31,BTC-USD,0.4143284729841263,0.99,0.2489
2021-04-12 04:58:32,BTC-USD,3.0434920988559027,0.0604,0.2489
2021-04-12 04:59:33,BTC-USD,2.8676710698407053,0.2489,0.2489
2021-04-12 05:00:33,BTC-USD,2.2584485153104112,0.99,0.0604
2021-04-12 05:01:34,BTC-USD,2.762645721289922,0.5,0.61
2021-04-12 05:02:35,BTC-USD,0.016537563421315068,0.99,0.2483
2021-04-12 05:03:36,BTC-USD,0.033106498640873214,0.99,0.2486
2021-04-12 05:04:36,BTC-USD,3.334609500984529,0.99,0.82840409
2021-04-12 05:05:37,BTC-USD,3.0496243492605783,0.2489,0.61
2021-04-12 05:06:38,BTC-USD,0.8285718073471119,0.5,0.61
2021-04-12 05:07:39,BTC-USD,2.699100024010881,0.99,0.2486
2021-04-12 05:08:39,BTC-USD,3.425127863167692,0.2484,0.61
2021-04-12 05:09:40,BTC-USD,4.386262556711064,0.2485,0.0573
2021-04-12 05:10:41,BTC-USD,0.8264421829313243,0.5,0.2482
2021-04-12 05:11:42,BTC-USD,0.0016510886456346484,0.5,0.0604
2021-04-12 05:12:43,BTC-USD,0.0016512931279846741,0.2518,0.88597224
2021-04-12 05:13:44,BTC-USD,0.016496233084934947,0.5,0.2478
2021-04-12 05:14:45,BTC-USD,0.016504182986138264,0.5,0.2479
2021-04-12 05:15:46,BTC-USD,0.016492125010067585,0.5,0.2478
2021-04-12 05:16:47,BTC-USD,0.8266512358435976,0.5,0.2483
2021-04-12 05:17:48,BTC-USD,1.9495238535813266,0.5,0.2481
2021-04-12 05:18:49,BTC-USD,0.016513803888430233,0.5,0.2481
2021-04-12 05:19:49,BTC-USD,0.8258074745486136,0.5,0.58
2021-04-12 05:20:50,BTC-USD,0.016513258495005533,0.5,0.2481
2021-04-12 05:21:51,BTC-USD,0.016517513519344454,0.5,0.2481
2021-04-12 05:22:52,BTC-USD,0.31417629589478324,0.5,0.2484
2021-04-12 05:23:53,BTC-USD,0.8267769917884509,0.5,0.61
2021-04-12 05:24:54,BTC-USD,2.9086129376162466,0.5,0.0602
2021-04-12 05:25:55,BTC-USD,0.8268043351004898,0.5,0.2484
2021-04-12 05:26:56,BTC-USD,0.016538219825777266,1.49,0.2485
2021-04-12 05:27:56,BTC-USD,0.01654243299463443,0.99,0.2486
2021-04-12 05:28:57,BTC-USD,0.9100701746838333,0.5,0.2486
2021-04-12 05:29:58,BTC-USD,0.01654278875000121,0.5,0.2486
2021-04-12 05:30:59,BTC-USD,0.01654774355065277,0.5,0.2486
2021-04-12 05:32:00,BTC-USD,0.01654774355065277,0.5,0.2486
2021-04-12 05:33:01,BTC-USD,0.016570529975019066,0.0598,0.2489
2021-04-12 05:34:01,BTC-USD,5.259088933351311,0.2491,0.2491
2021-04-12 05:35:02,BTC-USD,1.4741507092753292,0.06,0.61
2021-04-12 05:36:03,BTC-USD,2.2579922132471997,0.5,0.61
2021-04-12 05:37:04,BTC-USD,3.386735286793634,0.2493,0.61
2021-04-12 05:38:05,BTC-USD,2.097340492609433,0.2492,0.0605
2021-04-12 05:39:05,BTC-USD,1.7493468164710917,0.0597,0.2493
2021-04-12 05:40:07,BTC-USD,2.870030740849979,0.2492,0.2492
2021-04-12 05:41:07,BTC-USD,1.8603855275935903,0.0601,0.2491
2021-04-12 05:42:08,BTC-USD,2.4683954270078003,0.99,0.2489
2021-04-12 05:43:09,BTC-USD,0.828173810493956,0.5,0.2488
2021-04-12 05:44:10,BTC-USD,3.797571212752121,0.2491,0.2491
2021-04-12 05:45:11,BTC-USD,0.01657978857429483,0.5,0.2491
2021-04-12 05:46:12,BTC-USD,1.277565126785412,0.5,0.2492
2021-04-12 05:47:12,BTC-USD,0.8304916676770981,0.5,0.61
2021-04-12 05:48:13,BTC-USD,2.692357489302139,0.2493,0.0605
2021-04-12 05:49:14,BTC-USD,1.9249693415452893,0.5,0.2493
2021-04-12 05:50:15,BTC-USD,1.8422961316757998,0.7493,0.61
2021-04-12 05:51:16,BTC-USD,0.8297887523794192,0.5,0.61
2021-04-12 05:52:17,BTC-USD,1.4624396743633843,0.0598,0.61
2021-04-12 05:53:18,BTC-USD,2.300000679884072,0.0599,0.58
2021-04-12 05:54:19,BTC-USD,0.0016584490507470999,0.5,0.0604
2021-04-12 05:55:20,BTC-USD,0.8294239816332353,0.5,0.61
2021-04-12 05:56:20,BTC-USD,1.5265224987853139,0.5,0.2492
2021-04-12 05:57:21,BTC-USD,0.8963488722605678,0.2493,0.41
2021-04-12 05:58:22,BTC-USD,2.341523684263935,0.5,0.0599
2021-04-12 05:59:23,BTC-USD,1.2823711391645671,0.99,0.0602
2021-04-12 06:00:23,BTC-USD,4.504571891138717,0.99,0.61
2021-04-12 06:01:24,BTC-USD,2.0535006703783494,0.2495,0.0601
2021-04-12 06:02:25,BTC-USD,0.0016611654407881348,0.5,0.0597
2021-04-12 06:03:26,BTC-USD,1.580619050863151,0.99,0.0604
2021-04-12 06:04:26,BTC-USD,1.114196863618494,0.5,0.0603
2021-04-12 06:05:27,BTC-USD,3.3115888970248046,0.5,0.61
2021-04-12 06:06:28,BTC-USD,3.384420379303873,0.0596,0.61
2021-04-12 06:07:29,BTC-USD,1.614489796257561,0.25,0.41
2021-04-12 06:08:30,BTC-USD,1.7804312304272518,0.99,0.25
